/*
SQLyog Community- MySQL GUI v8.22 
MySQL - 5.1.48-community : Database - okm_app
*********************************************************************
*/

/*!40101 SET NAMES utf8 */;

/*!40101 SET SQL_MODE=''*/;

/*!40014 SET @OLD_UNIQUE_CHECKS=@@UNIQUE_CHECKS, UNIQUE_CHECKS=0 */;
/*!40014 SET @OLD_FOREIGN_KEY_CHECKS=@@FOREIGN_KEY_CHECKS, FOREIGN_KEY_CHECKS=0 */;
/*!40101 SET @OLD_SQL_MODE=@@SQL_MODE, SQL_MODE='NO_AUTO_VALUE_ON_ZERO' */;
/*!40111 SET @OLD_SQL_NOTES=@@SQL_NOTES, SQL_NOTES=0 */;
CREATE DATABASE /*!32312 IF NOT EXISTS*/`okm_app` /*!40100 DEFAULT CHARACTER SET utf8 COLLATE utf8_bin */;

USE `okm_app`;

/*Table structure for table `jbpm_action` */

DROP TABLE IF EXISTS `jbpm_action`;

CREATE TABLE `jbpm_action` (
  `ID_` bigint(20) NOT NULL AUTO_INCREMENT,
  `class` char(1) COLLATE utf8_bin NOT NULL,
  `NAME_` varchar(255) COLLATE utf8_bin DEFAULT NULL,
  `ISPROPAGATIONALLOWED_` bit(1) DEFAULT NULL,
  `ACTIONEXPRESSION_` varchar(255) COLLATE utf8_bin DEFAULT NULL,
  `ISASYNC_` bit(1) DEFAULT NULL,
  `REFERENCEDACTION_` bigint(20) DEFAULT NULL,
  `ACTIONDELEGATION_` bigint(20) DEFAULT NULL,
  `EVENT_` bigint(20) DEFAULT NULL,
  `PROCESSDEFINITION_` bigint(20) DEFAULT NULL,
  `EXPRESSION_` varchar(4000) COLLATE utf8_bin DEFAULT NULL,
  `TIMERNAME_` varchar(255) COLLATE utf8_bin DEFAULT NULL,
  `DUEDATE_` varchar(255) COLLATE utf8_bin DEFAULT NULL,
  `REPEAT_` varchar(255) COLLATE utf8_bin DEFAULT NULL,
  `TRANSITIONNAME_` varchar(255) COLLATE utf8_bin DEFAULT NULL,
  `TIMERACTION_` bigint(20) DEFAULT NULL,
  `EVENTINDEX_` int(11) DEFAULT NULL,
  `EXCEPTIONHANDLER_` bigint(20) DEFAULT NULL,
  `EXCEPTIONHANDLERINDEX_` int(11) DEFAULT NULL,
  PRIMARY KEY (`ID_`),
  KEY `IDX_ACTION_ACTNDL` (`ACTIONDELEGATION_`),
  KEY `IDX_ACTION_PROCDF` (`PROCESSDEFINITION_`),
  KEY `IDX_ACTION_EVENT` (`EVENT_`),
  KEY `FK_ACTION_REFACT` (`REFERENCEDACTION_`),
  KEY `FK_CRTETIMERACT_TA` (`TIMERACTION_`),
  KEY `FK_ACTION_PROCDEF` (`PROCESSDEFINITION_`),
  KEY `FK_ACTION_EVENT` (`EVENT_`),
  KEY `FK_ACTION_ACTNDEL` (`ACTIONDELEGATION_`),
  KEY `FK_ACTION_EXPTHDL` (`EXCEPTIONHANDLER_`),
  CONSTRAINT `FK_ACTION_EXPTHDL` FOREIGN KEY (`EXCEPTIONHANDLER_`) REFERENCES `jbpm_exceptionhandler` (`ID_`),
  CONSTRAINT `FK_ACTION_ACTNDEL` FOREIGN KEY (`ACTIONDELEGATION_`) REFERENCES `jbpm_delegation` (`ID_`),
  CONSTRAINT `FK_ACTION_EVENT` FOREIGN KEY (`EVENT_`) REFERENCES `jbpm_event` (`ID_`),
  CONSTRAINT `FK_ACTION_PROCDEF` FOREIGN KEY (`PROCESSDEFINITION_`) REFERENCES `jbpm_processdefinition` (`ID_`),
  CONSTRAINT `FK_ACTION_REFACT` FOREIGN KEY (`REFERENCEDACTION_`) REFERENCES `jbpm_action` (`ID_`),
  CONSTRAINT `FK_CRTETIMERACT_TA` FOREIGN KEY (`TIMERACTION_`) REFERENCES `jbpm_action` (`ID_`)
) ENGINE=InnoDB DEFAULT CHARSET=utf8 COLLATE=utf8_bin;

/*Data for the table `jbpm_action` */

/*Table structure for table `jbpm_bytearray` */

DROP TABLE IF EXISTS `jbpm_bytearray`;

CREATE TABLE `jbpm_bytearray` (
  `ID_` bigint(20) NOT NULL AUTO_INCREMENT,
  `NAME_` varchar(255) COLLATE utf8_bin DEFAULT NULL,
  `FILEDEFINITION_` bigint(20) DEFAULT NULL,
  PRIMARY KEY (`ID_`),
  KEY `FK_BYTEARR_FILDEF` (`FILEDEFINITION_`),
  CONSTRAINT `FK_BYTEARR_FILDEF` FOREIGN KEY (`FILEDEFINITION_`) REFERENCES `jbpm_moduledefinition` (`ID_`)
) ENGINE=InnoDB DEFAULT CHARSET=utf8 COLLATE=utf8_bin;

/*Data for the table `jbpm_bytearray` */

/*Table structure for table `jbpm_byteblock` */

DROP TABLE IF EXISTS `jbpm_byteblock`;

CREATE TABLE `jbpm_byteblock` (
  `PROCESSFILE_` bigint(20) NOT NULL,
  `BYTES_` blob,
  `INDEX_` int(11) NOT NULL,
  PRIMARY KEY (`PROCESSFILE_`,`INDEX_`),
  KEY `FK_BYTEBLOCK_FILE` (`PROCESSFILE_`),
  CONSTRAINT `FK_BYTEBLOCK_FILE` FOREIGN KEY (`PROCESSFILE_`) REFERENCES `jbpm_bytearray` (`ID_`)
) ENGINE=InnoDB DEFAULT CHARSET=utf8 COLLATE=utf8_bin;

/*Data for the table `jbpm_byteblock` */

/*Table structure for table `jbpm_comment` */

DROP TABLE IF EXISTS `jbpm_comment`;

CREATE TABLE `jbpm_comment` (
  `ID_` bigint(20) NOT NULL AUTO_INCREMENT,
  `VERSION_` int(11) NOT NULL,
  `ACTORID_` varchar(255) COLLATE utf8_bin DEFAULT NULL,
  `TIME_` datetime DEFAULT NULL,
  `MESSAGE_` varchar(4000) COLLATE utf8_bin DEFAULT NULL,
  `TOKEN_` bigint(20) DEFAULT NULL,
  `TASKINSTANCE_` bigint(20) DEFAULT NULL,
  `TOKENINDEX_` int(11) DEFAULT NULL,
  `TASKINSTANCEINDEX_` int(11) DEFAULT NULL,
  PRIMARY KEY (`ID_`),
  KEY `IDX_COMMENT_TSK` (`TASKINSTANCE_`),
  KEY `IDX_COMMENT_TOKEN` (`TOKEN_`),
  KEY `FK_COMMENT_TOKEN` (`TOKEN_`),
  KEY `FK_COMMENT_TSK` (`TASKINSTANCE_`),
  CONSTRAINT `FK_COMMENT_TSK` FOREIGN KEY (`TASKINSTANCE_`) REFERENCES `jbpm_taskinstance` (`ID_`),
  CONSTRAINT `FK_COMMENT_TOKEN` FOREIGN KEY (`TOKEN_`) REFERENCES `jbpm_token` (`ID_`)
) ENGINE=InnoDB DEFAULT CHARSET=utf8 COLLATE=utf8_bin;

/*Data for the table `jbpm_comment` */

/*Table structure for table `jbpm_decisionconditions` */

DROP TABLE IF EXISTS `jbpm_decisionconditions`;

CREATE TABLE `jbpm_decisionconditions` (
  `DECISION_` bigint(20) NOT NULL,
  `TRANSITIONNAME_` varchar(255) COLLATE utf8_bin DEFAULT NULL,
  `EXPRESSION_` varchar(255) COLLATE utf8_bin DEFAULT NULL,
  `INDEX_` int(11) NOT NULL,
  PRIMARY KEY (`DECISION_`,`INDEX_`),
  KEY `FK_DECCOND_DEC` (`DECISION_`),
  CONSTRAINT `FK_DECCOND_DEC` FOREIGN KEY (`DECISION_`) REFERENCES `jbpm_node` (`ID_`)
) ENGINE=InnoDB DEFAULT CHARSET=utf8 COLLATE=utf8_bin;

/*Data for the table `jbpm_decisionconditions` */

/*Table structure for table `jbpm_delegation` */

DROP TABLE IF EXISTS `jbpm_delegation`;

CREATE TABLE `jbpm_delegation` (
  `ID_` bigint(20) NOT NULL AUTO_INCREMENT,
  `CLASSNAME_` varchar(4000) COLLATE utf8_bin DEFAULT NULL,
  `CONFIGURATION_` varchar(4000) COLLATE utf8_bin DEFAULT NULL,
  `CONFIGTYPE_` varchar(255) COLLATE utf8_bin DEFAULT NULL,
  `PROCESSDEFINITION_` bigint(20) DEFAULT NULL,
  PRIMARY KEY (`ID_`),
  KEY `IDX_DELEG_PRCD` (`PROCESSDEFINITION_`),
  KEY `FK_DELEGATION_PRCD` (`PROCESSDEFINITION_`),
  CONSTRAINT `FK_DELEGATION_PRCD` FOREIGN KEY (`PROCESSDEFINITION_`) REFERENCES `jbpm_processdefinition` (`ID_`)
) ENGINE=InnoDB DEFAULT CHARSET=utf8 COLLATE=utf8_bin;

/*Data for the table `jbpm_delegation` */

/*Table structure for table `jbpm_event` */

DROP TABLE IF EXISTS `jbpm_event`;

CREATE TABLE `jbpm_event` (
  `ID_` bigint(20) NOT NULL AUTO_INCREMENT,
  `EVENTTYPE_` varchar(255) COLLATE utf8_bin DEFAULT NULL,
  `TYPE_` char(1) COLLATE utf8_bin DEFAULT NULL,
  `GRAPHELEMENT_` bigint(20) DEFAULT NULL,
  `PROCESSDEFINITION_` bigint(20) DEFAULT NULL,
  `NODE_` bigint(20) DEFAULT NULL,
  `TRANSITION_` bigint(20) DEFAULT NULL,
  `TASK_` bigint(20) DEFAULT NULL,
  PRIMARY KEY (`ID_`),
  KEY `FK_EVENT_PROCDEF` (`PROCESSDEFINITION_`),
  KEY `FK_EVENT_TRANS` (`TRANSITION_`),
  KEY `FK_EVENT_NODE` (`NODE_`),
  KEY `FK_EVENT_TASK` (`TASK_`),
  CONSTRAINT `FK_EVENT_TASK` FOREIGN KEY (`TASK_`) REFERENCES `jbpm_task` (`ID_`),
  CONSTRAINT `FK_EVENT_NODE` FOREIGN KEY (`NODE_`) REFERENCES `jbpm_node` (`ID_`),
  CONSTRAINT `FK_EVENT_PROCDEF` FOREIGN KEY (`PROCESSDEFINITION_`) REFERENCES `jbpm_processdefinition` (`ID_`),
  CONSTRAINT `FK_EVENT_TRANS` FOREIGN KEY (`TRANSITION_`) REFERENCES `jbpm_transition` (`ID_`)
) ENGINE=InnoDB DEFAULT CHARSET=utf8 COLLATE=utf8_bin;

/*Data for the table `jbpm_event` */

/*Table structure for table `jbpm_exceptionhandler` */

DROP TABLE IF EXISTS `jbpm_exceptionhandler`;

CREATE TABLE `jbpm_exceptionhandler` (
  `ID_` bigint(20) NOT NULL AUTO_INCREMENT,
  `EXCEPTIONCLASSNAME_` varchar(4000) COLLATE utf8_bin DEFAULT NULL,
  `TYPE_` char(1) COLLATE utf8_bin DEFAULT NULL,
  `GRAPHELEMENT_` bigint(20) DEFAULT NULL,
  `PROCESSDEFINITION_` bigint(20) DEFAULT NULL,
  `GRAPHELEMENTINDEX_` int(11) DEFAULT NULL,
  `NODE_` bigint(20) DEFAULT NULL,
  `TRANSITION_` bigint(20) DEFAULT NULL,
  `TASK_` bigint(20) DEFAULT NULL,
  PRIMARY KEY (`ID_`)
) ENGINE=InnoDB DEFAULT CHARSET=utf8 COLLATE=utf8_bin;

/*Data for the table `jbpm_exceptionhandler` */

/*Table structure for table `jbpm_job` */

DROP TABLE IF EXISTS `jbpm_job`;

CREATE TABLE `jbpm_job` (
  `ID_` bigint(20) NOT NULL AUTO_INCREMENT,
  `CLASS_` char(1) COLLATE utf8_bin NOT NULL,
  `VERSION_` int(11) NOT NULL,
  `DUEDATE_` datetime DEFAULT NULL,
  `PROCESSINSTANCE_` bigint(20) DEFAULT NULL,
  `TOKEN_` bigint(20) DEFAULT NULL,
  `TASKINSTANCE_` bigint(20) DEFAULT NULL,
  `ISSUSPENDED_` bit(1) DEFAULT NULL,
  `ISEXCLUSIVE_` bit(1) DEFAULT NULL,
  `LOCKOWNER_` varchar(255) COLLATE utf8_bin DEFAULT NULL,
  `LOCKTIME_` datetime DEFAULT NULL,
  `EXCEPTION_` varchar(4000) COLLATE utf8_bin DEFAULT NULL,
  `RETRIES_` int(11) DEFAULT NULL,
  `NAME_` varchar(255) COLLATE utf8_bin DEFAULT NULL,
  `REPEAT_` varchar(255) COLLATE utf8_bin DEFAULT NULL,
  `TRANSITIONNAME_` varchar(255) COLLATE utf8_bin DEFAULT NULL,
  `ACTION_` bigint(20) DEFAULT NULL,
  `GRAPHELEMENTTYPE_` varchar(255) COLLATE utf8_bin DEFAULT NULL,
  `GRAPHELEMENT_` bigint(20) DEFAULT NULL,
  `NODE_` bigint(20) DEFAULT NULL,
  PRIMARY KEY (`ID_`),
  KEY `IDX_JOB_TSKINST` (`TASKINSTANCE_`),
  KEY `IDX_JOB_TOKEN` (`TOKEN_`),
  KEY `IDX_JOB_PRINST` (`PROCESSINSTANCE_`),
  KEY `FK_JOB_PRINST` (`PROCESSINSTANCE_`),
  KEY `FK_JOB_ACTION` (`ACTION_`),
  KEY `FK_JOB_TOKEN` (`TOKEN_`),
  KEY `FK_JOB_NODE` (`NODE_`),
  KEY `FK_JOB_TSKINST` (`TASKINSTANCE_`),
  CONSTRAINT `FK_JOB_TSKINST` FOREIGN KEY (`TASKINSTANCE_`) REFERENCES `jbpm_taskinstance` (`ID_`),
  CONSTRAINT `FK_JOB_ACTION` FOREIGN KEY (`ACTION_`) REFERENCES `jbpm_action` (`ID_`),
  CONSTRAINT `FK_JOB_NODE` FOREIGN KEY (`NODE_`) REFERENCES `jbpm_node` (`ID_`),
  CONSTRAINT `FK_JOB_PRINST` FOREIGN KEY (`PROCESSINSTANCE_`) REFERENCES `jbpm_processinstance` (`ID_`),
  CONSTRAINT `FK_JOB_TOKEN` FOREIGN KEY (`TOKEN_`) REFERENCES `jbpm_token` (`ID_`)
) ENGINE=InnoDB DEFAULT CHARSET=utf8 COLLATE=utf8_bin;

/*Data for the table `jbpm_job` */

/*Table structure for table `jbpm_log` */

DROP TABLE IF EXISTS `jbpm_log`;

CREATE TABLE `jbpm_log` (
  `ID_` bigint(20) NOT NULL AUTO_INCREMENT,
  `CLASS_` char(1) COLLATE utf8_bin NOT NULL,
  `INDEX_` int(11) DEFAULT NULL,
  `DATE_` datetime DEFAULT NULL,
  `TOKEN_` bigint(20) DEFAULT NULL,
  `PARENT_` bigint(20) DEFAULT NULL,
  `MESSAGE_` varchar(4000) COLLATE utf8_bin DEFAULT NULL,
  `EXCEPTION_` varchar(4000) COLLATE utf8_bin DEFAULT NULL,
  `ACTION_` bigint(20) DEFAULT NULL,
  `NODE_` bigint(20) DEFAULT NULL,
  `ENTER_` datetime DEFAULT NULL,
  `LEAVE_` datetime DEFAULT NULL,
  `DURATION_` bigint(20) DEFAULT NULL,
  `NEWLONGVALUE_` bigint(20) DEFAULT NULL,
  `TRANSITION_` bigint(20) DEFAULT NULL,
  `CHILD_` bigint(20) DEFAULT NULL,
  `SOURCENODE_` bigint(20) DEFAULT NULL,
  `DESTINATIONNODE_` bigint(20) DEFAULT NULL,
  `VARIABLEINSTANCE_` bigint(20) DEFAULT NULL,
  `OLDBYTEARRAY_` bigint(20) DEFAULT NULL,
  `NEWBYTEARRAY_` bigint(20) DEFAULT NULL,
  `OLDDATEVALUE_` datetime DEFAULT NULL,
  `NEWDATEVALUE_` datetime DEFAULT NULL,
  `OLDDOUBLEVALUE_` double DEFAULT NULL,
  `NEWDOUBLEVALUE_` double DEFAULT NULL,
  `OLDLONGIDCLASS_` varchar(255) COLLATE utf8_bin DEFAULT NULL,
  `OLDLONGIDVALUE_` bigint(20) DEFAULT NULL,
  `NEWLONGIDCLASS_` varchar(255) COLLATE utf8_bin DEFAULT NULL,
  `NEWLONGIDVALUE_` bigint(20) DEFAULT NULL,
  `OLDSTRINGIDCLASS_` varchar(255) COLLATE utf8_bin DEFAULT NULL,
  `OLDSTRINGIDVALUE_` varchar(255) COLLATE utf8_bin DEFAULT NULL,
  `NEWSTRINGIDCLASS_` varchar(255) COLLATE utf8_bin DEFAULT NULL,
  `NEWSTRINGIDVALUE_` varchar(255) COLLATE utf8_bin DEFAULT NULL,
  `OLDLONGVALUE_` bigint(20) DEFAULT NULL,
  `OLDSTRINGVALUE_` varchar(4000) COLLATE utf8_bin DEFAULT NULL,
  `NEWSTRINGVALUE_` varchar(4000) COLLATE utf8_bin DEFAULT NULL,
  `TASKINSTANCE_` bigint(20) DEFAULT NULL,
  `TASKACTORID_` varchar(255) COLLATE utf8_bin DEFAULT NULL,
  `TASKOLDACTORID_` varchar(255) COLLATE utf8_bin DEFAULT NULL,
  `SWIMLANEINSTANCE_` bigint(20) DEFAULT NULL,
  PRIMARY KEY (`ID_`),
  KEY `FK_LOG_SOURCENODE` (`SOURCENODE_`),
  KEY `FK_LOG_DESTNODE` (`DESTINATIONNODE_`),
  KEY `FK_LOG_TOKEN` (`TOKEN_`),
  KEY `FK_LOG_TRANSITION` (`TRANSITION_`),
  KEY `FK_LOG_TASKINST` (`TASKINSTANCE_`),
  KEY `FK_LOG_CHILDTOKEN` (`CHILD_`),
  KEY `FK_LOG_OLDBYTES` (`OLDBYTEARRAY_`),
  KEY `FK_LOG_SWIMINST` (`SWIMLANEINSTANCE_`),
  KEY `FK_LOG_NEWBYTES` (`NEWBYTEARRAY_`),
  KEY `FK_LOG_ACTION` (`ACTION_`),
  KEY `FK_LOG_VARINST` (`VARIABLEINSTANCE_`),
  KEY `FK_LOG_NODE` (`NODE_`),
  KEY `FK_LOG_PARENT` (`PARENT_`),
  CONSTRAINT `FK_LOG_PARENT` FOREIGN KEY (`PARENT_`) REFERENCES `jbpm_log` (`ID_`),
  CONSTRAINT `FK_LOG_ACTION` FOREIGN KEY (`ACTION_`) REFERENCES `jbpm_action` (`ID_`),
  CONSTRAINT `FK_LOG_CHILDTOKEN` FOREIGN KEY (`CHILD_`) REFERENCES `jbpm_token` (`ID_`),
  CONSTRAINT `FK_LOG_DESTNODE` FOREIGN KEY (`DESTINATIONNODE_`) REFERENCES `jbpm_node` (`ID_`),
  CONSTRAINT `FK_LOG_NEWBYTES` FOREIGN KEY (`NEWBYTEARRAY_`) REFERENCES `jbpm_bytearray` (`ID_`),
  CONSTRAINT `FK_LOG_NODE` FOREIGN KEY (`NODE_`) REFERENCES `jbpm_node` (`ID_`),
  CONSTRAINT `FK_LOG_OLDBYTES` FOREIGN KEY (`OLDBYTEARRAY_`) REFERENCES `jbpm_bytearray` (`ID_`),
  CONSTRAINT `FK_LOG_SOURCENODE` FOREIGN KEY (`SOURCENODE_`) REFERENCES `jbpm_node` (`ID_`),
  CONSTRAINT `FK_LOG_SWIMINST` FOREIGN KEY (`SWIMLANEINSTANCE_`) REFERENCES `jbpm_swimlaneinstance` (`ID_`),
  CONSTRAINT `FK_LOG_TASKINST` FOREIGN KEY (`TASKINSTANCE_`) REFERENCES `jbpm_taskinstance` (`ID_`),
  CONSTRAINT `FK_LOG_TOKEN` FOREIGN KEY (`TOKEN_`) REFERENCES `jbpm_token` (`ID_`),
  CONSTRAINT `FK_LOG_TRANSITION` FOREIGN KEY (`TRANSITION_`) REFERENCES `jbpm_transition` (`ID_`),
  CONSTRAINT `FK_LOG_VARINST` FOREIGN KEY (`VARIABLEINSTANCE_`) REFERENCES `jbpm_variableinstance` (`ID_`)
) ENGINE=InnoDB DEFAULT CHARSET=utf8 COLLATE=utf8_bin;

/*Data for the table `jbpm_log` */

/*Table structure for table `jbpm_moduledefinition` */

DROP TABLE IF EXISTS `jbpm_moduledefinition`;

CREATE TABLE `jbpm_moduledefinition` (
  `ID_` bigint(20) NOT NULL AUTO_INCREMENT,
  `CLASS_` char(1) COLLATE utf8_bin NOT NULL,
  `NAME_` varchar(4000) COLLATE utf8_bin DEFAULT NULL,
  `PROCESSDEFINITION_` bigint(20) DEFAULT NULL,
  `STARTTASK_` bigint(20) DEFAULT NULL,
  PRIMARY KEY (`ID_`),
  KEY `IDX_MODDEF_PROCDF` (`PROCESSDEFINITION_`),
  KEY `FK_MODDEF_PROCDEF` (`PROCESSDEFINITION_`),
  KEY `FK_TSKDEF_START` (`STARTTASK_`),
  CONSTRAINT `FK_TSKDEF_START` FOREIGN KEY (`STARTTASK_`) REFERENCES `jbpm_task` (`ID_`),
  CONSTRAINT `FK_MODDEF_PROCDEF` FOREIGN KEY (`PROCESSDEFINITION_`) REFERENCES `jbpm_processdefinition` (`ID_`)
) ENGINE=InnoDB DEFAULT CHARSET=utf8 COLLATE=utf8_bin;

/*Data for the table `jbpm_moduledefinition` */

/*Table structure for table `jbpm_moduleinstance` */

DROP TABLE IF EXISTS `jbpm_moduleinstance`;

CREATE TABLE `jbpm_moduleinstance` (
  `ID_` bigint(20) NOT NULL AUTO_INCREMENT,
  `CLASS_` char(1) COLLATE utf8_bin NOT NULL,
  `VERSION_` int(11) NOT NULL,
  `PROCESSINSTANCE_` bigint(20) DEFAULT NULL,
  `TASKMGMTDEFINITION_` bigint(20) DEFAULT NULL,
  `NAME_` varchar(255) COLLATE utf8_bin DEFAULT NULL,
  PRIMARY KEY (`ID_`),
  KEY `IDX_MODINST_PRINST` (`PROCESSINSTANCE_`),
  KEY `FK_MODINST_PRCINST` (`PROCESSINSTANCE_`),
  KEY `FK_TASKMGTINST_TMD` (`TASKMGMTDEFINITION_`),
  CONSTRAINT `FK_TASKMGTINST_TMD` FOREIGN KEY (`TASKMGMTDEFINITION_`) REFERENCES `jbpm_moduledefinition` (`ID_`),
  CONSTRAINT `FK_MODINST_PRCINST` FOREIGN KEY (`PROCESSINSTANCE_`) REFERENCES `jbpm_processinstance` (`ID_`)
) ENGINE=InnoDB DEFAULT CHARSET=utf8 COLLATE=utf8_bin;

/*Data for the table `jbpm_moduleinstance` */

/*Table structure for table `jbpm_node` */

DROP TABLE IF EXISTS `jbpm_node`;

CREATE TABLE `jbpm_node` (
  `ID_` bigint(20) NOT NULL AUTO_INCREMENT,
  `CLASS_` char(1) COLLATE utf8_bin NOT NULL,
  `NAME_` varchar(255) COLLATE utf8_bin DEFAULT NULL,
  `DESCRIPTION_` varchar(4000) COLLATE utf8_bin DEFAULT NULL,
  `PROCESSDEFINITION_` bigint(20) DEFAULT NULL,
  `ISASYNC_` bit(1) DEFAULT NULL,
  `ISASYNCEXCL_` bit(1) DEFAULT NULL,
  `ACTION_` bigint(20) DEFAULT NULL,
  `SUPERSTATE_` bigint(20) DEFAULT NULL,
  `SUBPROCNAME_` varchar(255) COLLATE utf8_bin DEFAULT NULL,
  `SUBPROCESSDEFINITION_` bigint(20) DEFAULT NULL,
  `DECISIONEXPRESSION_` varchar(255) COLLATE utf8_bin DEFAULT NULL,
  `DECISIONDELEGATION` bigint(20) DEFAULT NULL,
  `SCRIPT_` bigint(20) DEFAULT NULL,
  `SIGNAL_` int(11) DEFAULT NULL,
  `CREATETASKS_` bit(1) DEFAULT NULL,
  `ENDTASKS_` bit(1) DEFAULT NULL,
  `NODECOLLECTIONINDEX_` int(11) DEFAULT NULL,
  PRIMARY KEY (`ID_`),
  KEY `IDX_PSTATE_SBPRCDEF` (`SUBPROCESSDEFINITION_`),
  KEY `IDX_NODE_PROCDEF` (`PROCESSDEFINITION_`),
  KEY `IDX_NODE_ACTION` (`ACTION_`),
  KEY `IDX_NODE_SUPRSTATE` (`SUPERSTATE_`),
  KEY `FK_DECISION_DELEG` (`DECISIONDELEGATION`),
  KEY `FK_NODE_PROCDEF` (`PROCESSDEFINITION_`),
  KEY `FK_NODE_ACTION` (`ACTION_`),
  KEY `FK_PROCST_SBPRCDEF` (`SUBPROCESSDEFINITION_`),
  KEY `FK_NODE_SCRIPT` (`SCRIPT_`),
  KEY `FK_NODE_SUPERSTATE` (`SUPERSTATE_`),
  CONSTRAINT `FK_NODE_SUPERSTATE` FOREIGN KEY (`SUPERSTATE_`) REFERENCES `jbpm_node` (`ID_`),
  CONSTRAINT `FK_DECISION_DELEG` FOREIGN KEY (`DECISIONDELEGATION`) REFERENCES `jbpm_delegation` (`ID_`),
  CONSTRAINT `FK_NODE_ACTION` FOREIGN KEY (`ACTION_`) REFERENCES `jbpm_action` (`ID_`),
  CONSTRAINT `FK_NODE_PROCDEF` FOREIGN KEY (`PROCESSDEFINITION_`) REFERENCES `jbpm_processdefinition` (`ID_`),
  CONSTRAINT `FK_NODE_SCRIPT` FOREIGN KEY (`SCRIPT_`) REFERENCES `jbpm_action` (`ID_`),
  CONSTRAINT `FK_PROCST_SBPRCDEF` FOREIGN KEY (`SUBPROCESSDEFINITION_`) REFERENCES `jbpm_processdefinition` (`ID_`)
) ENGINE=InnoDB DEFAULT CHARSET=utf8 COLLATE=utf8_bin;

/*Data for the table `jbpm_node` */

/*Table structure for table `jbpm_pooledactor` */

DROP TABLE IF EXISTS `jbpm_pooledactor`;

CREATE TABLE `jbpm_pooledactor` (
  `ID_` bigint(20) NOT NULL AUTO_INCREMENT,
  `VERSION_` int(11) NOT NULL,
  `ACTORID_` varchar(255) COLLATE utf8_bin DEFAULT NULL,
  `SWIMLANEINSTANCE_` bigint(20) DEFAULT NULL,
  PRIMARY KEY (`ID_`),
  KEY `IDX_TSKINST_SWLANE` (`SWIMLANEINSTANCE_`),
  KEY `IDX_PLDACTR_ACTID` (`ACTORID_`),
  KEY `FK_POOLEDACTOR_SLI` (`SWIMLANEINSTANCE_`),
  CONSTRAINT `FK_POOLEDACTOR_SLI` FOREIGN KEY (`SWIMLANEINSTANCE_`) REFERENCES `jbpm_swimlaneinstance` (`ID_`)
) ENGINE=InnoDB DEFAULT CHARSET=utf8 COLLATE=utf8_bin;

/*Data for the table `jbpm_pooledactor` */

/*Table structure for table `jbpm_processdefinition` */

DROP TABLE IF EXISTS `jbpm_processdefinition`;

CREATE TABLE `jbpm_processdefinition` (
  `ID_` bigint(20) NOT NULL AUTO_INCREMENT,
  `CLASS_` char(1) COLLATE utf8_bin NOT NULL,
  `NAME_` varchar(255) COLLATE utf8_bin DEFAULT NULL,
  `DESCRIPTION_` varchar(4000) COLLATE utf8_bin DEFAULT NULL,
  `VERSION_` int(11) DEFAULT NULL,
  `ISTERMINATIONIMPLICIT_` bit(1) DEFAULT NULL,
  `STARTSTATE_` bigint(20) DEFAULT NULL,
  PRIMARY KEY (`ID_`),
  KEY `IDX_PROCDEF_STRTST` (`STARTSTATE_`),
  KEY `FK_PROCDEF_STRTSTA` (`STARTSTATE_`),
  CONSTRAINT `FK_PROCDEF_STRTSTA` FOREIGN KEY (`STARTSTATE_`) REFERENCES `jbpm_node` (`ID_`)
) ENGINE=InnoDB DEFAULT CHARSET=utf8 COLLATE=utf8_bin;

/*Data for the table `jbpm_processdefinition` */

/*Table structure for table `jbpm_processinstance` */

DROP TABLE IF EXISTS `jbpm_processinstance`;

CREATE TABLE `jbpm_processinstance` (
  `ID_` bigint(20) NOT NULL AUTO_INCREMENT,
  `VERSION_` int(11) NOT NULL,
  `KEY_` varchar(255) COLLATE utf8_bin DEFAULT NULL,
  `START_` datetime DEFAULT NULL,
  `END_` datetime DEFAULT NULL,
  `ISSUSPENDED_` bit(1) DEFAULT NULL,
  `PROCESSDEFINITION_` bigint(20) DEFAULT NULL,
  `ROOTTOKEN_` bigint(20) DEFAULT NULL,
  `SUPERPROCESSTOKEN_` bigint(20) DEFAULT NULL,
  PRIMARY KEY (`ID_`),
  KEY `IDX_PROCIN_SPROCTK` (`SUPERPROCESSTOKEN_`),
  KEY `IDX_PROCIN_ROOTTK` (`ROOTTOKEN_`),
  KEY `IDX_PROCIN_PROCDEF` (`PROCESSDEFINITION_`),
  KEY `IDX_PROCIN_KEY` (`KEY_`),
  KEY `FK_PROCIN_PROCDEF` (`PROCESSDEFINITION_`),
  KEY `FK_PROCIN_ROOTTKN` (`ROOTTOKEN_`),
  KEY `FK_PROCIN_SPROCTKN` (`SUPERPROCESSTOKEN_`),
  CONSTRAINT `FK_PROCIN_SPROCTKN` FOREIGN KEY (`SUPERPROCESSTOKEN_`) REFERENCES `jbpm_token` (`ID_`),
  CONSTRAINT `FK_PROCIN_PROCDEF` FOREIGN KEY (`PROCESSDEFINITION_`) REFERENCES `jbpm_processdefinition` (`ID_`),
  CONSTRAINT `FK_PROCIN_ROOTTKN` FOREIGN KEY (`ROOTTOKEN_`) REFERENCES `jbpm_token` (`ID_`)
) ENGINE=InnoDB DEFAULT CHARSET=utf8 COLLATE=utf8_bin;

/*Data for the table `jbpm_processinstance` */

/*Table structure for table `jbpm_runtimeaction` */

DROP TABLE IF EXISTS `jbpm_runtimeaction`;

CREATE TABLE `jbpm_runtimeaction` (
  `ID_` bigint(20) NOT NULL AUTO_INCREMENT,
  `VERSION_` int(11) NOT NULL,
  `EVENTTYPE_` varchar(255) COLLATE utf8_bin DEFAULT NULL,
  `TYPE_` char(1) COLLATE utf8_bin DEFAULT NULL,
  `GRAPHELEMENT_` bigint(20) DEFAULT NULL,
  `PROCESSINSTANCE_` bigint(20) DEFAULT NULL,
  `ACTION_` bigint(20) DEFAULT NULL,
  `PROCESSINSTANCEINDEX_` int(11) DEFAULT NULL,
  PRIMARY KEY (`ID_`),
  KEY `IDX_RTACTN_ACTION` (`ACTION_`),
  KEY `IDX_RTACTN_PRCINST` (`PROCESSINSTANCE_`),
  KEY `FK_RTACTN_PROCINST` (`PROCESSINSTANCE_`),
  KEY `FK_RTACTN_ACTION` (`ACTION_`),
  CONSTRAINT `FK_RTACTN_ACTION` FOREIGN KEY (`ACTION_`) REFERENCES `jbpm_action` (`ID_`),
  CONSTRAINT `FK_RTACTN_PROCINST` FOREIGN KEY (`PROCESSINSTANCE_`) REFERENCES `jbpm_processinstance` (`ID_`)
) ENGINE=InnoDB DEFAULT CHARSET=utf8 COLLATE=utf8_bin;

/*Data for the table `jbpm_runtimeaction` */

/*Table structure for table `jbpm_swimlane` */

DROP TABLE IF EXISTS `jbpm_swimlane`;

CREATE TABLE `jbpm_swimlane` (
  `ID_` bigint(20) NOT NULL AUTO_INCREMENT,
  `NAME_` varchar(255) COLLATE utf8_bin DEFAULT NULL,
  `ACTORIDEXPRESSION_` varchar(255) COLLATE utf8_bin DEFAULT NULL,
  `POOLEDACTORSEXPRESSION_` varchar(255) COLLATE utf8_bin DEFAULT NULL,
  `ASSIGNMENTDELEGATION_` bigint(20) DEFAULT NULL,
  `TASKMGMTDEFINITION_` bigint(20) DEFAULT NULL,
  PRIMARY KEY (`ID_`),
  KEY `FK_SWL_ASSDEL` (`ASSIGNMENTDELEGATION_`),
  KEY `FK_SWL_TSKMGMTDEF` (`TASKMGMTDEFINITION_`),
  CONSTRAINT `FK_SWL_TSKMGMTDEF` FOREIGN KEY (`TASKMGMTDEFINITION_`) REFERENCES `jbpm_moduledefinition` (`ID_`),
  CONSTRAINT `FK_SWL_ASSDEL` FOREIGN KEY (`ASSIGNMENTDELEGATION_`) REFERENCES `jbpm_delegation` (`ID_`)
) ENGINE=InnoDB DEFAULT CHARSET=utf8 COLLATE=utf8_bin;

/*Data for the table `jbpm_swimlane` */

/*Table structure for table `jbpm_swimlaneinstance` */

DROP TABLE IF EXISTS `jbpm_swimlaneinstance`;

CREATE TABLE `jbpm_swimlaneinstance` (
  `ID_` bigint(20) NOT NULL AUTO_INCREMENT,
  `VERSION_` int(11) NOT NULL,
  `NAME_` varchar(255) COLLATE utf8_bin DEFAULT NULL,
  `ACTORID_` varchar(255) COLLATE utf8_bin DEFAULT NULL,
  `SWIMLANE_` bigint(20) DEFAULT NULL,
  `TASKMGMTINSTANCE_` bigint(20) DEFAULT NULL,
  PRIMARY KEY (`ID_`),
  KEY `IDX_SWIMLINST_SL` (`SWIMLANE_`),
  KEY `FK_SWIMLANEINST_TM` (`TASKMGMTINSTANCE_`),
  KEY `FK_SWIMLANEINST_SL` (`SWIMLANE_`),
  CONSTRAINT `FK_SWIMLANEINST_SL` FOREIGN KEY (`SWIMLANE_`) REFERENCES `jbpm_swimlane` (`ID_`),
  CONSTRAINT `FK_SWIMLANEINST_TM` FOREIGN KEY (`TASKMGMTINSTANCE_`) REFERENCES `jbpm_moduleinstance` (`ID_`)
) ENGINE=InnoDB DEFAULT CHARSET=utf8 COLLATE=utf8_bin;

/*Data for the table `jbpm_swimlaneinstance` */

/*Table structure for table `jbpm_task` */

DROP TABLE IF EXISTS `jbpm_task`;

CREATE TABLE `jbpm_task` (
  `ID_` bigint(20) NOT NULL AUTO_INCREMENT,
  `NAME_` varchar(255) COLLATE utf8_bin DEFAULT NULL,
  `DESCRIPTION_` varchar(4000) COLLATE utf8_bin DEFAULT NULL,
  `PROCESSDEFINITION_` bigint(20) DEFAULT NULL,
  `ISBLOCKING_` bit(1) DEFAULT NULL,
  `ISSIGNALLING_` bit(1) DEFAULT NULL,
  `CONDITION_` varchar(255) COLLATE utf8_bin DEFAULT NULL,
  `DUEDATE_` varchar(255) COLLATE utf8_bin DEFAULT NULL,
  `PRIORITY_` int(11) DEFAULT NULL,
  `ACTORIDEXPRESSION_` varchar(255) COLLATE utf8_bin DEFAULT NULL,
  `POOLEDACTORSEXPRESSION_` varchar(255) COLLATE utf8_bin DEFAULT NULL,
  `TASKMGMTDEFINITION_` bigint(20) DEFAULT NULL,
  `TASKNODE_` bigint(20) DEFAULT NULL,
  `STARTSTATE_` bigint(20) DEFAULT NULL,
  `ASSIGNMENTDELEGATION_` bigint(20) DEFAULT NULL,
  `SWIMLANE_` bigint(20) DEFAULT NULL,
  `TASKCONTROLLER_` bigint(20) DEFAULT NULL,
  PRIMARY KEY (`ID_`),
  KEY `IDX_TASK_PROCDEF` (`PROCESSDEFINITION_`),
  KEY `IDX_TASK_TSKNODE` (`TASKNODE_`),
  KEY `IDX_TASK_TASKMGTDF` (`TASKMGMTDEFINITION_`),
  KEY `FK_TASK_STARTST` (`STARTSTATE_`),
  KEY `FK_TASK_PROCDEF` (`PROCESSDEFINITION_`),
  KEY `FK_TASK_ASSDEL` (`ASSIGNMENTDELEGATION_`),
  KEY `FK_TASK_SWIMLANE` (`SWIMLANE_`),
  KEY `FK_TASK_TASKNODE` (`TASKNODE_`),
  KEY `FK_TASK_TASKMGTDEF` (`TASKMGMTDEFINITION_`),
  KEY `FK_TSK_TSKCTRL` (`TASKCONTROLLER_`),
  CONSTRAINT `FK_TSK_TSKCTRL` FOREIGN KEY (`TASKCONTROLLER_`) REFERENCES `jbpm_taskcontroller` (`ID_`),
  CONSTRAINT `FK_TASK_ASSDEL` FOREIGN KEY (`ASSIGNMENTDELEGATION_`) REFERENCES `jbpm_delegation` (`ID_`),
  CONSTRAINT `FK_TASK_PROCDEF` FOREIGN KEY (`PROCESSDEFINITION_`) REFERENCES `jbpm_processdefinition` (`ID_`),
  CONSTRAINT `FK_TASK_STARTST` FOREIGN KEY (`STARTSTATE_`) REFERENCES `jbpm_node` (`ID_`),
  CONSTRAINT `FK_TASK_SWIMLANE` FOREIGN KEY (`SWIMLANE_`) REFERENCES `jbpm_swimlane` (`ID_`),
  CONSTRAINT `FK_TASK_TASKMGTDEF` FOREIGN KEY (`TASKMGMTDEFINITION_`) REFERENCES `jbpm_moduledefinition` (`ID_`),
  CONSTRAINT `FK_TASK_TASKNODE` FOREIGN KEY (`TASKNODE_`) REFERENCES `jbpm_node` (`ID_`)
) ENGINE=InnoDB DEFAULT CHARSET=utf8 COLLATE=utf8_bin;

/*Data for the table `jbpm_task` */

/*Table structure for table `jbpm_taskactorpool` */

DROP TABLE IF EXISTS `jbpm_taskactorpool`;

CREATE TABLE `jbpm_taskactorpool` (
  `TASKINSTANCE_` bigint(20) NOT NULL,
  `POOLEDACTOR_` bigint(20) NOT NULL,
  PRIMARY KEY (`TASKINSTANCE_`,`POOLEDACTOR_`),
  KEY `FK_TASKACTPL_TSKI` (`TASKINSTANCE_`),
  KEY `FK_TSKACTPOL_PLACT` (`POOLEDACTOR_`),
  CONSTRAINT `FK_TSKACTPOL_PLACT` FOREIGN KEY (`POOLEDACTOR_`) REFERENCES `jbpm_pooledactor` (`ID_`),
  CONSTRAINT `FK_TASKACTPL_TSKI` FOREIGN KEY (`TASKINSTANCE_`) REFERENCES `jbpm_taskinstance` (`ID_`)
) ENGINE=InnoDB DEFAULT CHARSET=utf8 COLLATE=utf8_bin;

/*Data for the table `jbpm_taskactorpool` */

/*Table structure for table `jbpm_taskcontroller` */

DROP TABLE IF EXISTS `jbpm_taskcontroller`;

CREATE TABLE `jbpm_taskcontroller` (
  `ID_` bigint(20) NOT NULL AUTO_INCREMENT,
  `TASKCONTROLLERDELEGATION_` bigint(20) DEFAULT NULL,
  PRIMARY KEY (`ID_`),
  KEY `FK_TSKCTRL_DELEG` (`TASKCONTROLLERDELEGATION_`),
  CONSTRAINT `FK_TSKCTRL_DELEG` FOREIGN KEY (`TASKCONTROLLERDELEGATION_`) REFERENCES `jbpm_delegation` (`ID_`)
) ENGINE=InnoDB DEFAULT CHARSET=utf8 COLLATE=utf8_bin;

/*Data for the table `jbpm_taskcontroller` */

/*Table structure for table `jbpm_taskinstance` */

DROP TABLE IF EXISTS `jbpm_taskinstance`;

CREATE TABLE `jbpm_taskinstance` (
  `ID_` bigint(20) NOT NULL AUTO_INCREMENT,
  `CLASS_` char(1) COLLATE utf8_bin NOT NULL,
  `VERSION_` int(11) NOT NULL,
  `NAME_` varchar(255) COLLATE utf8_bin DEFAULT NULL,
  `DESCRIPTION_` varchar(4000) COLLATE utf8_bin DEFAULT NULL,
  `ACTORID_` varchar(255) COLLATE utf8_bin DEFAULT NULL,
  `CREATE_` datetime DEFAULT NULL,
  `START_` datetime DEFAULT NULL,
  `END_` datetime DEFAULT NULL,
  `DUEDATE_` datetime DEFAULT NULL,
  `PRIORITY_` int(11) DEFAULT NULL,
  `ISCANCELLED_` bit(1) DEFAULT NULL,
  `ISSUSPENDED_` bit(1) DEFAULT NULL,
  `ISOPEN_` bit(1) DEFAULT NULL,
  `ISSIGNALLING_` bit(1) DEFAULT NULL,
  `ISBLOCKING_` bit(1) DEFAULT NULL,
  `TASK_` bigint(20) DEFAULT NULL,
  `TOKEN_` bigint(20) DEFAULT NULL,
  `PROCINST_` bigint(20) DEFAULT NULL,
  `SWIMLANINSTANCE_` bigint(20) DEFAULT NULL,
  `TASKMGMTINSTANCE_` bigint(20) DEFAULT NULL,
  PRIMARY KEY (`ID_`),
  KEY `IDX_TSKINST_TMINST` (`TASKMGMTINSTANCE_`),
  KEY `IDX_TSKINST_SLINST` (`SWIMLANINSTANCE_`),
  KEY `IDX_TASKINST_TOKN` (`TOKEN_`),
  KEY `IDX_TASK_ACTORID` (`ACTORID_`),
  KEY `IDX_TASKINST_TSK` (`TASK_`,`PROCINST_`),
  KEY `FK_TSKINS_PRCINS` (`PROCINST_`),
  KEY `FK_TASKINST_TMINST` (`TASKMGMTINSTANCE_`),
  KEY `FK_TASKINST_TOKEN` (`TOKEN_`),
  KEY `FK_TASKINST_SLINST` (`SWIMLANINSTANCE_`),
  KEY `FK_TASKINST_TASK` (`TASK_`),
  CONSTRAINT `FK_TASKINST_TASK` FOREIGN KEY (`TASK_`) REFERENCES `jbpm_task` (`ID_`),
  CONSTRAINT `FK_TASKINST_SLINST` FOREIGN KEY (`SWIMLANINSTANCE_`) REFERENCES `jbpm_swimlaneinstance` (`ID_`),
  CONSTRAINT `FK_TASKINST_TMINST` FOREIGN KEY (`TASKMGMTINSTANCE_`) REFERENCES `jbpm_moduleinstance` (`ID_`),
  CONSTRAINT `FK_TASKINST_TOKEN` FOREIGN KEY (`TOKEN_`) REFERENCES `jbpm_token` (`ID_`),
  CONSTRAINT `FK_TSKINS_PRCINS` FOREIGN KEY (`PROCINST_`) REFERENCES `jbpm_processinstance` (`ID_`)
) ENGINE=InnoDB DEFAULT CHARSET=utf8 COLLATE=utf8_bin;

/*Data for the table `jbpm_taskinstance` */

/*Table structure for table `jbpm_token` */

DROP TABLE IF EXISTS `jbpm_token`;

CREATE TABLE `jbpm_token` (
  `ID_` bigint(20) NOT NULL AUTO_INCREMENT,
  `VERSION_` int(11) NOT NULL,
  `NAME_` varchar(255) COLLATE utf8_bin DEFAULT NULL,
  `START_` datetime DEFAULT NULL,
  `END_` datetime DEFAULT NULL,
  `NODEENTER_` datetime DEFAULT NULL,
  `NEXTLOGINDEX_` int(11) DEFAULT NULL,
  `ISABLETOREACTIVATEPARENT_` bit(1) DEFAULT NULL,
  `ISTERMINATIONIMPLICIT_` bit(1) DEFAULT NULL,
  `ISSUSPENDED_` bit(1) DEFAULT NULL,
  `LOCK_` varchar(255) COLLATE utf8_bin DEFAULT NULL,
  `NODE_` bigint(20) DEFAULT NULL,
  `PROCESSINSTANCE_` bigint(20) DEFAULT NULL,
  `PARENT_` bigint(20) DEFAULT NULL,
  `SUBPROCESSINSTANCE_` bigint(20) DEFAULT NULL,
  PRIMARY KEY (`ID_`),
  KEY `IDX_TOKEN_PARENT` (`PARENT_`),
  KEY `IDX_TOKEN_PROCIN` (`PROCESSINSTANCE_`),
  KEY `IDX_TOKEN_NODE` (`NODE_`),
  KEY `IDX_TOKEN_SUBPI` (`SUBPROCESSINSTANCE_`),
  KEY `FK_TOKEN_SUBPI` (`SUBPROCESSINSTANCE_`),
  KEY `FK_TOKEN_PROCINST` (`PROCESSINSTANCE_`),
  KEY `FK_TOKEN_NODE` (`NODE_`),
  KEY `FK_TOKEN_PARENT` (`PARENT_`),
  CONSTRAINT `FK_TOKEN_PARENT` FOREIGN KEY (`PARENT_`) REFERENCES `jbpm_token` (`ID_`),
  CONSTRAINT `FK_TOKEN_NODE` FOREIGN KEY (`NODE_`) REFERENCES `jbpm_node` (`ID_`),
  CONSTRAINT `FK_TOKEN_PROCINST` FOREIGN KEY (`PROCESSINSTANCE_`) REFERENCES `jbpm_processinstance` (`ID_`),
  CONSTRAINT `FK_TOKEN_SUBPI` FOREIGN KEY (`SUBPROCESSINSTANCE_`) REFERENCES `jbpm_processinstance` (`ID_`)
) ENGINE=InnoDB DEFAULT CHARSET=utf8 COLLATE=utf8_bin;

/*Data for the table `jbpm_token` */

/*Table structure for table `jbpm_tokenvariablemap` */

DROP TABLE IF EXISTS `jbpm_tokenvariablemap`;

CREATE TABLE `jbpm_tokenvariablemap` (
  `ID_` bigint(20) NOT NULL AUTO_INCREMENT,
  `VERSION_` int(11) NOT NULL,
  `TOKEN_` bigint(20) DEFAULT NULL,
  `CONTEXTINSTANCE_` bigint(20) DEFAULT NULL,
  PRIMARY KEY (`ID_`),
  KEY `IDX_TKVVARMP_TOKEN` (`TOKEN_`),
  KEY `IDX_TKVARMAP_CTXT` (`CONTEXTINSTANCE_`),
  KEY `FK_TKVARMAP_TOKEN` (`TOKEN_`),
  KEY `FK_TKVARMAP_CTXT` (`CONTEXTINSTANCE_`),
  CONSTRAINT `FK_TKVARMAP_CTXT` FOREIGN KEY (`CONTEXTINSTANCE_`) REFERENCES `jbpm_moduleinstance` (`ID_`),
  CONSTRAINT `FK_TKVARMAP_TOKEN` FOREIGN KEY (`TOKEN_`) REFERENCES `jbpm_token` (`ID_`)
) ENGINE=InnoDB DEFAULT CHARSET=utf8 COLLATE=utf8_bin;

/*Data for the table `jbpm_tokenvariablemap` */

/*Table structure for table `jbpm_transition` */

DROP TABLE IF EXISTS `jbpm_transition`;

CREATE TABLE `jbpm_transition` (
  `ID_` bigint(20) NOT NULL AUTO_INCREMENT,
  `NAME_` varchar(255) COLLATE utf8_bin DEFAULT NULL,
  `DESCRIPTION_` varchar(4000) COLLATE utf8_bin DEFAULT NULL,
  `PROCESSDEFINITION_` bigint(20) DEFAULT NULL,
  `FROM_` bigint(20) DEFAULT NULL,
  `TO_` bigint(20) DEFAULT NULL,
  `CONDITION_` varchar(255) COLLATE utf8_bin DEFAULT NULL,
  `FROMINDEX_` int(11) DEFAULT NULL,
  PRIMARY KEY (`ID_`),
  KEY `IDX_TRANS_PROCDEF` (`PROCESSDEFINITION_`),
  KEY `IDX_TRANSIT_FROM` (`FROM_`),
  KEY `IDX_TRANSIT_TO` (`TO_`),
  KEY `FK_TRANSITION_FROM` (`FROM_`),
  KEY `FK_TRANS_PROCDEF` (`PROCESSDEFINITION_`),
  KEY `FK_TRANSITION_TO` (`TO_`),
  CONSTRAINT `FK_TRANSITION_TO` FOREIGN KEY (`TO_`) REFERENCES `jbpm_node` (`ID_`),
  CONSTRAINT `FK_TRANSITION_FROM` FOREIGN KEY (`FROM_`) REFERENCES `jbpm_node` (`ID_`),
  CONSTRAINT `FK_TRANS_PROCDEF` FOREIGN KEY (`PROCESSDEFINITION_`) REFERENCES `jbpm_processdefinition` (`ID_`)
) ENGINE=InnoDB DEFAULT CHARSET=utf8 COLLATE=utf8_bin;

/*Data for the table `jbpm_transition` */

/*Table structure for table `jbpm_variableaccess` */

DROP TABLE IF EXISTS `jbpm_variableaccess`;

CREATE TABLE `jbpm_variableaccess` (
  `ID_` bigint(20) NOT NULL AUTO_INCREMENT,
  `VARIABLENAME_` varchar(255) COLLATE utf8_bin DEFAULT NULL,
  `ACCESS_` varchar(255) COLLATE utf8_bin DEFAULT NULL,
  `MAPPEDNAME_` varchar(255) COLLATE utf8_bin DEFAULT NULL,
  `SCRIPT_` bigint(20) DEFAULT NULL,
  `PROCESSSTATE_` bigint(20) DEFAULT NULL,
  `TASKCONTROLLER_` bigint(20) DEFAULT NULL,
  `INDEX_` int(11) DEFAULT NULL,
  PRIMARY KEY (`ID_`),
  KEY `FK_VARACC_PROCST` (`PROCESSSTATE_`),
  KEY `FK_VARACC_SCRIPT` (`SCRIPT_`),
  KEY `FK_VARACC_TSKCTRL` (`TASKCONTROLLER_`),
  CONSTRAINT `FK_VARACC_TSKCTRL` FOREIGN KEY (`TASKCONTROLLER_`) REFERENCES `jbpm_taskcontroller` (`ID_`),
  CONSTRAINT `FK_VARACC_PROCST` FOREIGN KEY (`PROCESSSTATE_`) REFERENCES `jbpm_node` (`ID_`),
  CONSTRAINT `FK_VARACC_SCRIPT` FOREIGN KEY (`SCRIPT_`) REFERENCES `jbpm_action` (`ID_`)
) ENGINE=InnoDB DEFAULT CHARSET=utf8 COLLATE=utf8_bin;

/*Data for the table `jbpm_variableaccess` */

/*Table structure for table `jbpm_variableinstance` */

DROP TABLE IF EXISTS `jbpm_variableinstance`;

CREATE TABLE `jbpm_variableinstance` (
  `ID_` bigint(20) NOT NULL AUTO_INCREMENT,
  `CLASS_` char(1) COLLATE utf8_bin NOT NULL,
  `VERSION_` int(11) NOT NULL,
  `NAME_` varchar(255) COLLATE utf8_bin DEFAULT NULL,
  `CONVERTER_` char(1) COLLATE utf8_bin DEFAULT NULL,
  `TOKEN_` bigint(20) DEFAULT NULL,
  `TOKENVARIABLEMAP_` bigint(20) DEFAULT NULL,
  `PROCESSINSTANCE_` bigint(20) DEFAULT NULL,
  `BYTEARRAYVALUE_` bigint(20) DEFAULT NULL,
  `DATEVALUE_` datetime DEFAULT NULL,
  `DOUBLEVALUE_` double DEFAULT NULL,
  `LONGIDCLASS_` varchar(255) COLLATE utf8_bin DEFAULT NULL,
  `LONGVALUE_` bigint(20) DEFAULT NULL,
  `STRINGIDCLASS_` varchar(255) COLLATE utf8_bin DEFAULT NULL,
  `STRINGVALUE_` varchar(4000) COLLATE utf8_bin DEFAULT NULL,
  `TASKINSTANCE_` bigint(20) DEFAULT NULL,
  PRIMARY KEY (`ID_`),
  KEY `IDX_VARINST_TK` (`TOKEN_`),
  KEY `IDX_VARINST_TKVARMP` (`TOKENVARIABLEMAP_`),
  KEY `IDX_VARINST_PRCINS` (`PROCESSINSTANCE_`),
  KEY `FK_VARINST_PRCINST` (`PROCESSINSTANCE_`),
  KEY `FK_VARINST_TKVARMP` (`TOKENVARIABLEMAP_`),
  KEY `FK_VARINST_TK` (`TOKEN_`),
  KEY `FK_BYTEINST_ARRAY` (`BYTEARRAYVALUE_`),
  KEY `FK_VAR_TSKINST` (`TASKINSTANCE_`),
  CONSTRAINT `FK_VAR_TSKINST` FOREIGN KEY (`TASKINSTANCE_`) REFERENCES `jbpm_taskinstance` (`ID_`),
  CONSTRAINT `FK_BYTEINST_ARRAY` FOREIGN KEY (`BYTEARRAYVALUE_`) REFERENCES `jbpm_bytearray` (`ID_`),
  CONSTRAINT `FK_VARINST_PRCINST` FOREIGN KEY (`PROCESSINSTANCE_`) REFERENCES `jbpm_processinstance` (`ID_`),
  CONSTRAINT `FK_VARINST_TK` FOREIGN KEY (`TOKEN_`) REFERENCES `jbpm_token` (`ID_`),
  CONSTRAINT `FK_VARINST_TKVARMP` FOREIGN KEY (`TOKENVARIABLEMAP_`) REFERENCES `jbpm_tokenvariablemap` (`ID_`)
) ENGINE=InnoDB DEFAULT CHARSET=utf8 COLLATE=utf8_bin;

/*Data for the table `jbpm_variableinstance` */

/*Table structure for table `okm_activity` */

DROP TABLE IF EXISTS `okm_activity`;

CREATE TABLE `okm_activity` (
  `ACT_ID` int(11) NOT NULL AUTO_INCREMENT,
  `ACT_DATE` datetime NOT NULL,
  `ACT_USER` varchar(127) COLLATE utf8_bin NOT NULL,
  `ACT_ACTION` varchar(255) COLLATE utf8_bin NOT NULL,
  `ACT_ITEM` text COLLATE utf8_bin,
  `ACT_PARAMS` text COLLATE utf8_bin,
  PRIMARY KEY (`ACT_ID`)
) ENGINE=InnoDB AUTO_INCREMENT=103 DEFAULT CHARSET=utf8 COLLATE=utf8_bin;

/*Data for the table `okm_activity` */

insert  into `okm_activity`(`ACT_ID`,`ACT_DATE`,`ACT_USER`,`ACT_ACTION`,`ACT_ITEM`,`ACT_PARAMS`) values (1,'2011-06-14 18:07:02','system','OPENKM_START',NULL,NULL),(2,'2011-06-14 18:09:01','okmAdmin','LOGIN',NULL,NULL),(3,'2011-06-14 18:09:03','okmAdmin','GET_ROOT_FOLDER',NULL,'/okm:root'),(4,'2011-06-14 18:09:03','okmAdmin','GET_ROOT_FOLDER',NULL,'/okm:root'),(5,'2011-06-14 18:09:03','okmAdmin','GET_DASHBOARD_USER_SEARCHS',NULL,NULL),(6,'2011-06-14 18:09:03','okmAdmin','FIND_USER_TASK_INSTANCES',NULL,NULL),(7,'2011-06-14 18:09:03','okmAdmin','FIND_POOLED_TASK_INSTANCES',NULL,NULL),(8,'2011-06-14 18:09:04','okmAdmin','GET_ROOT_FOLDER',NULL,'/okm:root'),(9,'2011-06-14 18:09:04','okmAdmin','GET_CATEGORIES_FOLDER',NULL,'/okm:categories'),(10,'2011-06-14 18:09:04','okmAdmin','GET_THESAURUS_FOLDER',NULL,'/okm:thesaurus'),(11,'2011-06-14 18:09:05','okmAdmin','GET_TEMPLATES_FOLDER',NULL,'/okm:templates'),(12,'2011-06-14 18:09:05','okmAdmin','GET_PERSONAL_FOLDER_BASE',NULL,'/okm:personal'),(13,'2011-06-14 18:09:05','okmAdmin','GET_MAIL_FOLDER_BASE',NULL,'/okm:mail'),(14,'2011-06-14 18:09:05','okmAdmin','GET_TRASH_FOLDER_BASE',NULL,'/okm:trash'),(15,'2011-06-14 18:09:05','okmAdmin','USER_CONFIG_GET_CONFIG',NULL,NULL),(16,'2011-06-14 18:09:05','okmAdmin','BOOKMARK_GET_ALL',NULL,NULL),(17,'2011-06-14 18:09:05','okmAdmin','GET_CHILD_FOLDERS','/okm:root',NULL),(18,'2011-06-14 18:09:05','okmAdmin','GET_CHILD_FOLDERS','/okm:root',NULL),(19,'2011-06-14 18:09:05','okmAdmin','GET_CHILD_DOCUMENTS','/okm:root',NULL),(20,'2011-06-14 18:09:05','okmAdmin','GET_CHILD_MAILS','/okm:root',NULL),(21,'2011-06-14 18:09:05','okmAdmin','GET_CHILD_FOLDERS','/okm:categories',NULL),(22,'2011-06-14 18:09:05','okmAdmin','GET_CHILD_FOLDERS','/okm:thesaurus',NULL),(23,'2011-06-14 18:09:05','okmAdmin','GET_CHILD_FOLDERS','/okm:templates',NULL),(24,'2011-06-14 18:09:05','okmAdmin','GET_CHILD_FOLDERS','/okm:personal',NULL),(25,'2011-06-14 18:09:05','okmAdmin','GET_CHILD_FOLDERS','/okm:trash',NULL),(26,'2011-06-14 18:09:05','okmAdmin','GET_DASHBOARD_USER_SEARCHS',NULL,NULL),(27,'2011-06-14 18:09:05','okmAdmin','GET_CHILD_FOLDERS','/okm:mail',NULL),(28,'2011-06-14 18:09:05','okmAdmin','GET_ALL_SEARCHS',NULL,NULL),(29,'2011-06-14 18:09:16','okmAdmin','GET_DOCUMENT_VERSION_HISTORY','/okm:root/SCRIPUM_ENVIRONMENT_BUILD.pdf',NULL),(30,'2011-06-14 18:09:21','okmAdmin','DELETE_DOCUMENT','/okm:root/SCRIPUM_ENVIRONMENT_BUILD.pdf',NULL),(31,'2011-06-14 18:09:21','okmAdmin','GET_CHILD_FOLDERS','/okm:root',NULL),(32,'2011-06-14 18:09:21','okmAdmin','GET_CHILD_DOCUMENTS','/okm:root',NULL),(33,'2011-06-14 18:09:21','okmAdmin','GET_CHILD_MAILS','/okm:root',NULL),(34,'2011-06-14 18:11:41','system','OPENKM_STOP',NULL,NULL),(35,'2011-06-14 18:11:41','okmAdmin','SESSION_DESTROYED','C6CA793113A5547DA7077EF862F19BAA',NULL),(36,'2011-06-14 18:13:57','system','OPENKM_START',NULL,NULL),(37,'2011-06-14 18:14:36','okmAdmin','LOGIN',NULL,NULL),(38,'2011-06-14 18:14:37','okmAdmin','GET_ROOT_FOLDER',NULL,'/okm:root'),(39,'2011-06-14 18:14:37','okmAdmin','GET_ROOT_FOLDER',NULL,'/okm:root'),(40,'2011-06-14 18:14:37','okmAdmin','FIND_POOLED_TASK_INSTANCES',NULL,NULL),(41,'2011-06-14 18:14:37','okmAdmin','FIND_USER_TASK_INSTANCES',NULL,NULL),(42,'2011-06-14 18:14:37','okmAdmin','GET_DASHBOARD_USER_SEARCHS',NULL,NULL),(43,'2011-06-14 18:14:39','okmAdmin','GET_ROOT_FOLDER',NULL,'/okm:root'),(44,'2011-06-14 18:14:39','okmAdmin','GET_CATEGORIES_FOLDER',NULL,'/okm:categories'),(45,'2011-06-14 18:14:39','okmAdmin','GET_THESAURUS_FOLDER',NULL,'/okm:thesaurus'),(46,'2011-06-14 18:14:39','okmAdmin','GET_TEMPLATES_FOLDER',NULL,'/okm:templates'),(47,'2011-06-14 18:14:39','okmAdmin','GET_PERSONAL_FOLDER_BASE',NULL,'/okm:personal'),(48,'2011-06-14 18:14:39','okmAdmin','GET_MAIL_FOLDER_BASE',NULL,'/okm:mail'),(49,'2011-06-14 18:14:39','okmAdmin','GET_TRASH_FOLDER_BASE',NULL,'/okm:trash'),(50,'2011-06-14 18:14:39','okmAdmin','USER_CONFIG_GET_CONFIG',NULL,NULL),(51,'2011-06-14 18:14:39','okmAdmin','BOOKMARK_GET_ALL',NULL,NULL),(52,'2011-06-14 18:14:39','okmAdmin','GET_CHILD_FOLDERS','/okm:root',NULL),(53,'2011-06-14 18:14:39','okmAdmin','GET_CHILD_FOLDERS','/okm:root',NULL),(54,'2011-06-14 18:14:39','okmAdmin','GET_CHILD_DOCUMENTS','/okm:root',NULL),(55,'2011-06-14 18:14:39','okmAdmin','GET_CHILD_MAILS','/okm:root',NULL),(56,'2011-06-14 18:14:39','okmAdmin','GET_CHILD_FOLDERS','/okm:categories',NULL),(57,'2011-06-14 18:14:39','okmAdmin','GET_CHILD_FOLDERS','/okm:thesaurus',NULL),(58,'2011-06-14 18:14:39','okmAdmin','GET_CHILD_FOLDERS','/okm:templates',NULL),(59,'2011-06-14 18:14:39','okmAdmin','GET_CHILD_FOLDERS','/okm:personal',NULL),(60,'2011-06-14 18:14:39','okmAdmin','GET_CHILD_FOLDERS','/okm:mail',NULL),(61,'2011-06-14 18:14:39','okmAdmin','GET_CHILD_FOLDERS','/okm:trash',NULL),(62,'2011-06-14 18:14:39','okmAdmin','GET_DASHBOARD_USER_SEARCHS',NULL,NULL),(63,'2011-06-14 18:14:39','okmAdmin','GET_ALL_SEARCHS',NULL,NULL),(64,'2011-06-14 18:29:39','okmAdmin','KEEP_ALIVE',NULL,NULL),(65,'2011-06-14 18:31:31','system','OPENKM_STOP',NULL,NULL),(66,'2011-06-14 18:31:31','okmAdmin','SESSION_DESTROYED','C6CA793113A5547DA7077EF862F19BAA',NULL),(67,'2011-06-14 18:32:42','system','OPENKM_START',NULL,NULL),(68,'2011-06-14 18:33:16','okmAdmin','LOGIN',NULL,NULL),(69,'2011-06-14 18:33:17','okmAdmin','GET_ROOT_FOLDER',NULL,'/okm:root'),(70,'2011-06-14 18:33:17','okmAdmin','GET_ROOT_FOLDER',NULL,'/okm:root'),(71,'2011-06-14 18:33:18','okmAdmin','FIND_POOLED_TASK_INSTANCES',NULL,NULL),(72,'2011-06-14 18:33:18','okmAdmin','FIND_USER_TASK_INSTANCES',NULL,NULL),(73,'2011-06-14 18:33:18','okmAdmin','GET_DASHBOARD_USER_SEARCHS',NULL,NULL),(74,'2011-06-14 18:33:19','okmAdmin','GET_ROOT_FOLDER',NULL,'/okm:root'),(75,'2011-06-14 18:33:19','okmAdmin','GET_CATEGORIES_FOLDER',NULL,'/okm:categories'),(76,'2011-06-14 18:33:19','okmAdmin','GET_THESAURUS_FOLDER',NULL,'/okm:thesaurus'),(77,'2011-06-14 18:33:19','okmAdmin','GET_TEMPLATES_FOLDER',NULL,'/okm:templates'),(78,'2011-06-14 18:33:19','okmAdmin','GET_PERSONAL_FOLDER_BASE',NULL,'/okm:personal'),(79,'2011-06-14 18:33:19','okmAdmin','GET_MAIL_FOLDER_BASE',NULL,'/okm:mail'),(80,'2011-06-14 18:33:19','okmAdmin','GET_TRASH_FOLDER_BASE',NULL,'/okm:trash'),(81,'2011-06-14 18:33:19','okmAdmin','USER_CONFIG_GET_CONFIG',NULL,NULL),(82,'2011-06-14 18:33:20','okmAdmin','BOOKMARK_GET_ALL',NULL,NULL),(83,'2011-06-14 18:33:20','okmAdmin','GET_CHILD_FOLDERS','/okm:root',NULL),(84,'2011-06-14 18:33:20','okmAdmin','GET_CHILD_FOLDERS','/okm:root',NULL),(85,'2011-06-14 18:33:20','okmAdmin','GET_CHILD_DOCUMENTS','/okm:root',NULL),(86,'2011-06-14 18:33:20','okmAdmin','GET_CHILD_MAILS','/okm:root',NULL),(87,'2011-06-14 18:33:20','okmAdmin','GET_CHILD_FOLDERS','/okm:categories',NULL),(88,'2011-06-14 18:33:20','okmAdmin','GET_CHILD_FOLDERS','/okm:thesaurus',NULL),(89,'2011-06-14 18:33:20','okmAdmin','GET_CHILD_FOLDERS','/okm:templates',NULL),(90,'2011-06-14 18:33:20','okmAdmin','GET_CHILD_FOLDERS','/okm:personal',NULL),(91,'2011-06-14 18:33:20','okmAdmin','GET_CHILD_FOLDERS','/okm:trash',NULL),(92,'2011-06-14 18:33:20','okmAdmin','GET_CHILD_FOLDERS','/okm:mail',NULL),(93,'2011-06-14 18:33:20','okmAdmin','GET_ALL_SEARCHS',NULL,NULL),(94,'2011-06-14 18:33:20','okmAdmin','GET_DASHBOARD_USER_SEARCHS',NULL,NULL),(95,'2011-06-14 18:33:41','okmAdmin','LOGIN',NULL,'1971290084814663795304-18994041731'),(96,'2011-06-14 18:34:26','okmAdmin','CREATE_FOLDER','/okm:root/PendingIncoming',NULL),(97,'2011-06-14 18:34:52','okmAdmin','CREATE_FOLDER','/okm:root/IncomingProtocol',NULL),(98,'2011-06-14 18:35:22','okmAdmin','CREATE_FOLDER','/okm:root/PendingOutgoing',NULL),(99,'2011-06-14 18:35:48','okmAdmin','CREATE_FOLDER','/okm:root/OutgoingProtocol',NULL),(100,'2011-06-14 18:37:11','okmAdmin','LOGIN',NULL,NULL),(101,'2011-06-14 18:37:36','okmAdmin','ADMIN_ROLE_CREATE','READER','{id=READER, active=true, users=}'),(102,'2011-06-14 18:37:48','okmAdmin','ADMIN_ROLE_CREATE','WRITER','{id=WRITER, active=true, users=}');

/*Table structure for table `okm_bookmark` */

DROP TABLE IF EXISTS `okm_bookmark`;

CREATE TABLE `okm_bookmark` (
  `BM_ID` int(11) NOT NULL AUTO_INCREMENT,
  `BM_USER` varchar(127) COLLATE utf8_bin NOT NULL,
  `BM_NAME` varchar(255) COLLATE utf8_bin NOT NULL,
  `BM_PATH` varchar(255) COLLATE utf8_bin NOT NULL,
  `BM_UUID` varchar(255) COLLATE utf8_bin NOT NULL,
  `BM_TYPE` varchar(255) COLLATE utf8_bin NOT NULL,
  PRIMARY KEY (`BM_ID`)
) ENGINE=InnoDB DEFAULT CHARSET=utf8 COLLATE=utf8_bin;

/*Data for the table `okm_bookmark` */

/*Table structure for table `okm_cron_tab` */

DROP TABLE IF EXISTS `okm_cron_tab`;

CREATE TABLE `okm_cron_tab` (
  `CT_ID` int(11) NOT NULL AUTO_INCREMENT,
  `CT_NAME` varchar(255) COLLATE utf8_bin NOT NULL,
  `CT_EXPRESSION` varchar(255) COLLATE utf8_bin NOT NULL,
  `CT_TYPE` varchar(255) COLLATE utf8_bin NOT NULL,
  `CT_FILE_CONTENT` text COLLATE utf8_bin NOT NULL,
  `CT_FILE_NAME` varchar(255) COLLATE utf8_bin NOT NULL,
  `CT_MAIL` varchar(255) COLLATE utf8_bin NOT NULL,
  `CT_ACTIVE` bit(1) NOT NULL,
  `CT_LAST_BEGIN` datetime DEFAULT NULL,
  `CT_LAST_END` datetime DEFAULT NULL,
  PRIMARY KEY (`CT_ID`)
) ENGINE=InnoDB DEFAULT CHARSET=utf8 COLLATE=utf8_bin;

/*Data for the table `okm_cron_tab` */

/*Table structure for table `okm_dashboard` */

DROP TABLE IF EXISTS `okm_dashboard`;

CREATE TABLE `okm_dashboard` (
  `DB_ID` int(11) NOT NULL AUTO_INCREMENT,
  `DB_USER` varchar(127) COLLATE utf8_bin NOT NULL,
  `DB_SOURCE` varchar(255) COLLATE utf8_bin NOT NULL,
  `DB_NODE` varchar(255) COLLATE utf8_bin NOT NULL,
  `DB_DATE` datetime NOT NULL,
  PRIMARY KEY (`DB_ID`)
) ENGINE=InnoDB DEFAULT CHARSET=utf8 COLLATE=utf8_bin;

/*Data for the table `okm_dashboard` */

/*Table structure for table `okm_extension` */

DROP TABLE IF EXISTS `okm_extension`;

CREATE TABLE `okm_extension` (
  `EX_UUID` varchar(127) COLLATE utf8_bin NOT NULL,
  `EX_DESCRIPTION` text COLLATE utf8_bin NOT NULL,
  PRIMARY KEY (`EX_UUID`)
) ENGINE=InnoDB DEFAULT CHARSET=utf8 COLLATE=utf8_bin;

/*Data for the table `okm_extension` */

/*Table structure for table `okm_filter_rule` */

DROP TABLE IF EXISTS `okm_filter_rule`;

CREATE TABLE `okm_filter_rule` (
  `FR_ID` int(11) NOT NULL AUTO_INCREMENT,
  `FR_FIELD` varchar(255) COLLATE utf8_bin NOT NULL,
  `FR_OPERATION` varchar(255) COLLATE utf8_bin NOT NULL,
  `FR_VALUE` varchar(255) COLLATE utf8_bin NOT NULL,
  `FR_ACTIVE` bit(1) NOT NULL,
  `FR_MAIL_FILTER` int(11) NOT NULL,
  PRIMARY KEY (`FR_ID`),
  KEY `FKCC0FA2157CF377A9` (`FR_MAIL_FILTER`),
  CONSTRAINT `FKCC0FA2157CF377A9` FOREIGN KEY (`FR_MAIL_FILTER`) REFERENCES `okm_mail_filter` (`MF_ID`)
) ENGINE=InnoDB DEFAULT CHARSET=utf8 COLLATE=utf8_bin;

/*Data for the table `okm_filter_rule` */

/*Table structure for table `okm_lock_token` */

DROP TABLE IF EXISTS `okm_lock_token`;

CREATE TABLE `okm_lock_token` (
  `LT_ID` int(11) NOT NULL AUTO_INCREMENT,
  `LT_USER` varchar(127) COLLATE utf8_bin NOT NULL,
  `LT_TOKEN` varchar(255) COLLATE utf8_bin NOT NULL,
  PRIMARY KEY (`LT_ID`),
  UNIQUE KEY `LT_TOKEN` (`LT_TOKEN`)
) ENGINE=InnoDB DEFAULT CHARSET=utf8 COLLATE=utf8_bin;

/*Data for the table `okm_lock_token` */

/*Table structure for table `okm_mail_account` */

DROP TABLE IF EXISTS `okm_mail_account`;

CREATE TABLE `okm_mail_account` (
  `MA_ID` int(11) NOT NULL AUTO_INCREMENT,
  `MA_USER` varchar(127) COLLATE utf8_bin NOT NULL,
  `MA_MPROTOCOL` varchar(255) COLLATE utf8_bin NOT NULL,
  `MA_MHOST` varchar(255) COLLATE utf8_bin NOT NULL,
  `MA_MFOLDER` varchar(255) COLLATE utf8_bin NOT NULL,
  `MA_MUSER` varchar(255) COLLATE utf8_bin NOT NULL,
  `MA_MPASSWORD` varchar(255) COLLATE utf8_bin NOT NULL,
  `MA_MMARK_SEEN` bit(1) NOT NULL,
  `MA_MMARK_DELETED` bit(1) NOT NULL,
  `MA_ACTIVE` bit(1) NOT NULL,
  PRIMARY KEY (`MA_ID`)
) ENGINE=InnoDB DEFAULT CHARSET=utf8 COLLATE=utf8_bin;

/*Data for the table `okm_mail_account` */

/*Table structure for table `okm_mail_filter` */

DROP TABLE IF EXISTS `okm_mail_filter`;

CREATE TABLE `okm_mail_filter` (
  `MF_ID` int(11) NOT NULL AUTO_INCREMENT,
  `MF_PATH` varchar(255) COLLATE utf8_bin NOT NULL,
  `MF_UUID` varchar(255) COLLATE utf8_bin NOT NULL,
  `MF_GROUPING` bit(1) NOT NULL,
  `MF_ACTIVE` bit(1) NOT NULL,
  `MF_MAIL_ACCOUNT` int(11) NOT NULL,
  PRIMARY KEY (`MF_ID`),
  KEY `FK89DD61B2D99BBF14` (`MF_MAIL_ACCOUNT`),
  CONSTRAINT `FK89DD61B2D99BBF14` FOREIGN KEY (`MF_MAIL_ACCOUNT`) REFERENCES `okm_mail_account` (`MA_ID`)
) ENGINE=InnoDB DEFAULT CHARSET=utf8 COLLATE=utf8_bin;

/*Data for the table `okm_mail_filter` */

/*Table structure for table `okm_mime_type` */

DROP TABLE IF EXISTS `okm_mime_type`;

CREATE TABLE `okm_mime_type` (
  `MT_ID` int(11) NOT NULL AUTO_INCREMENT,
  `MT_NAME` varchar(255) COLLATE utf8_bin NOT NULL,
  `MT_IMAGE_CONTENT` text COLLATE utf8_bin NOT NULL,
  `MT_IMAGE_MIME` varchar(255) COLLATE utf8_bin NOT NULL,
  PRIMARY KEY (`MT_ID`),
  UNIQUE KEY `MT_NAME` (`MT_NAME`)
) ENGINE=InnoDB AUTO_INCREMENT=58 DEFAULT CHARSET=utf8 COLLATE=utf8_bin;

/*Data for the table `okm_mime_type` */

insert  into `okm_mime_type`(`MT_ID`,`MT_NAME`,`MT_IMAGE_CONTENT`,`MT_IMAGE_MIME`) values (1,'application/vnd.oasis.opendocument.text','R0lGODlhFwAQAOeeABUyQBkyPxc2Rhg5SRg6Sh84RR05Rxk7Sxk7TCE6SBk9Tho9Tho+Txo+UBtAUhtBUxxEVx1FWB5GWSVLXSZOYTVWZzpVYkJVYkNXYz5ZZj5aZ0VYYjpdb0Jeb0JfbUNgbklebEhfa0Bic0pfbUxicUZlc01jckpqeVFpeUtsfFNqelRreFhuflJxgFZvgFl0hVl0hlp1hl52hl55i155jF56jF97jWB7jWR6iGV9iGl/jmiAkG9/h2uAjWiElnWDjG+GlXaEjniIkHeOmHmNmnaPoHeQoYGSnHyUn32UoICUooWTnIaWoYyVmo+Xm4yZoI+Yn4qbp46bo4mdq4qeq5GcpI6eqo+gq5Kgpo2isI6ir5WhqZGlrpakrZeosaGlqJmos56nraGnqZ2or5ypsp6ttpyuuaWsr6CutqGwuqKyvaOzu6KzvqO0v6S0v6izvKe1vq20t6e2wai2wLK1tqi4w7K4u7W4urK7wba6vLe7vbe8vrPBy77Bw7nEy7/Dxb/ExbrGzMXHyMbJysPKzcLN1MfMzsPP1tDR0tHS087T1tHT09DV2NTV1tTW1tTb39Tc39fd4Nzi5tzj597k5+Lm6uHn6uPo6+fn5+Pp7Onq6/Dx8fv7+/3+/v///////////////////////////////////////////////////////////////////////////////////////////////////////////////////////////////////////////////////////////////////////////////////////////////////////////////////////////////////////////////////////////////////////////////////////////////////////////////////////////////////////////////////////////////////////////////////////////////////////yH5BAEKAP8ALAAAAAAXABAAAAjlAP8J/HeCAgEATpwI+cHjR5OBECO+0ADAghM9mDh5MkTpzJ2IEV2EeORJo0InPyRx4uEE5EATK2QACMCDRxNHTlR64uFSoIUEAGZiKqmJxwoTX1b0/Oekk6ennpzQGRSpUZ8fP3pG8gToDI9OPJ6kqcNn0yYhPQcN+hm0hI8iRqZMycSp5VISEwAU2MRJI1RND3vGOJHXRKHDhfwaCuzyRokIAErIlZvpKZ2l/26IeADgTKfPoDt9wayZMxHEiDmNXppjc2QjsGFP2fRx6YwSnFmY3W12EGOXFIIGaFLli3HjxUEGBAA7','image/gif'),(2,'application/vnd.oasis.opendocument.presentation','R0lGODlhFwAQAOesABQwPSgwMhg3Rhg5SRg6Shg7TBk7TBk8TS43OBo+Tzo1LRo/URs/UBxBUz03MBxCVBxCVR1EWB5HWiVLXSZOYTVWZ0VTVz5ZZj9baTpdb0Fea0tdZT9hcUNgbqtFAJZNGk1kb0dmdXJZRkpqektsfLxLAL1MAMFNAMJNAFJxgMlQANdWAMhcFNNaCWV9iOJaAG5+huldAOleAupeAOxeANtkFe1fAO5fAPViAORnFPdjAHiJkHeOmbl6UcV3Q+5rFLKBXutxIP5sCd12MnyTn/ZvFX2UoKKNfoyVmYuZoNGGVP55IP95IOKDRK6Vg8KRcN6JUOmGQ5OgptONXpGlrvGJQ82UbeOOVeCPWfiKQviLQ5eosdSWbfeMROWTXeaUXaSoqv+PRLmklv+QRuyWXeqYYdaeeKCvt9ChgvOZXeadbe6bY6iws+SfcPyYVaSzu+ygbayztvOha7G3usGzqf+iZP+iZfqla8m0pv2la/ymbOishP2mbLa7vci3rPyocOmvif+pcOC0lu2yir/CxL3Dxcy/tvK0i/2xfrrGzNK/s/a2i/K6lfu4i87GwcTKzv26jODIudTNyc7Pz/3DnNXPy/3EndbQy//EnejOvdvSzOvRv9Tc3/XVwPLYxt7k5/3cx//dx+fl5Ofo6Pzi0f3i0P/j0f/k0fPw7vP09Pj49/z8/P///////////////////////////////////////////////////////////////////////////////////////////////////////////////////////////////////////////////////////////////////////////////////////////////////////////////////////////////////////////////////////////////////////////////////////////////////////////////////////////////////////////////yH5BAEKAP8ALAAAAAAXABAAAAjeAP8J/BeCAgEASJDs2AFjB5KBECOmuCDAgpQ+o1StmiSKTZ+IEjtwWkVSoRQYn1TBeAhSIAgQLgAEgLGSE5KUq2C0FGihAQCZolapQgXjJRgQO/8lIckUSZxHnCYRarhzZCEwMFZJIcRpVKpVqHbsfPTIAoOfH1jUCBJkiKVVLHeCmCAT0CBGeOEEGRUXZIoRdEUwJckoyqS+EV2EiABA8ODCcZL+c8EBAoAjg1cVBiOZsk8geEPDycQ5KeUHjdmqbkJqTucQPlOgmk0b1SPEESn8DIBECpjfv6VIARkQADs=','image/gif'),(3,'application/vnd.oasis.opendocument.spreadsheet','R0lGODlhFwAQAOfAABQwPRg3Rh85Mxg5SRg6Shg7TBk7TBk8TRo+Txo/URs/UBxBUyRCOhxCVBxCVSlFMR1EWB5HWitIMyVLXSZOYTVWZz5aWD5ZZkVZYj9baTpdb0Feaz9hcUNgbkhga0dmdUpqelNyRUtsfFJxgGCFJGmIDGqIDGV9iG5+h3SVDnSWDnaZDneaDniIkHyfDneOmYSqD3yUn32UoIWrD4apGIyWmY6jVY2wH4uZoI2hgZCyJJOqTJC4EI+5EpC5EZKqbpKgppK8EZqlgpe1O5Glrpm0T5fCEZjEEpeosZ25RqKwc53BLp+7SaKoqaK4X57GIaOqrqDHJp+utaPAS6mvlqDLG6e4cqbCUKXIPKm+aqOzuqyztq2/dKzEY6zFXqrLR6nQMKnRMLC+ha7FZqzMS67GZ7PDgK7TO7O5u7LKZ7DRS7i8q7a7vbLST7PSUbLVRbTOa7bPZ7fMd7zBrbjOdrjOd7u/wbnOd7nOeLfTZLnRbbrOfrfYUb7EqrnUZ7nUaLvRdr3Td73Sfr/ExrrGzL7UeL/Ve8PIuMDXdcHWfsTRm8PJzMPXgsbMtcPXg8bJysjKwcPcdcXWksTbf8XedsfYkcXed8bfeMbfesfef8bgesfge8jhesnhgMvdk8rig8vihdDWutHTy9HS0s3gk9LUzM/gnM/jktTWz9HmlNfaz9ffwNTc39riwtjppNjqo9rrpN7k5+HpyeHqxOfn5erq6+jyy+nzy+r0y+vz0+vz1O311O311fDx7fz9/P7+/v///////////////////////////////////////////////////////////////////////////////////////////////////////////////////////////////////////////////////////////////////////////////////////////////////////////////////////////////////////////////////////////////yH5BAEKAP8ALAAAAAAXABAAAAjhAP8J/PeBAgEANWq0aIGiRY2BECOOuBDAAhA2tHwBe0RrC5qIEj2wAqZRIRAUsXyheAhS4AcQJwAIQLFSVY2UwFC0FGhhAQCZtEjWQuHBQxMPO//V0AisaY0tj1iNGtRw58hBUFD4AmKHVa1evnq12PnokQUFP4GMqsWUJMudHybIpHHjho67smq9BTkChFwJsoDpCDxY1N6IJz5AAECCsOMtSf+d4OCA8d3LOmw1iTzZJ4lZvm6AvsFrc9LJDRi3Cr36hq6Ppz/4lECjdu0htB4djkjhp4AaQJoIFw4ECMiAADs=','image/gif'),(4,'application/vnd.oasis.opendocument.graphics','R0lGODlhFwAQAOegAAoYHwwcJAwdJRAnMhInMR4lKB4mKhIqNhIrNxMsORMtOhQvPRUxPhYzQRY0QyExORg6Sic4QBxBVCY+ShxCVBxCVR1EWDBDTSJJXSdJWS9OXCxQYjxMUz5OVj5SWzpZaD9hcUZgbUBic0Jjc0pjcUVnd0doeE9mb2JjZEtremRkZFZrdWZmZlhxf1h1gmRxd1t3g2R1fVx6iGp3fnB3e2F9iWB9jHZ2dmJ/jXp6enp7e3p8fX5+foCAgJmAQYGBgYODg4SEhIaGhoSHh4mJiYuLi46Ojo+Pj5CQkI2Wmo2Xm5WVlZWWlpaWlpSYmpOanJmZmZebnJqampubm5ycnJ2dndSbEp6enqGgoaSkpKWlpaOpraSrr+unBqWtsO6pBq2trrCwsPavBrKysvuyBvazFfyzBre3t/61Bv+1Bri4uLu7u/+6Fu67QL6+vva8M8LCwvbBQsDFx//DNfvFQ8jIx8jIyMnJyf/IRMrKysvLy83NzfzNY/7QZNXV1dPY29fX1/7Xc//Xc9ra2v/Zg9zc3O7ctN3d3fbfq+Hh4fzgoOPj4+Xl5ejo6Orq6uzs7O3t7e7u7vDw8P/x0PPz8/b29v/24Pn5+f757vr6+v/67/v7+/z8/Pz9/f39/f7+/v///////////////////////////////////////////////////////////////////////////////////////////////////////////////////////////////////////////////////////////////////////////////////////////////////////////////////////////////////////////////////////////////////////////////////////////////////////////////////////////////////////////////////////////////////////////////////////////////yH5BAEKAP8ALAAAAAAXABAAAAj+AP8J/GdiAwQETpgMAZLjR5GBECO6+OCAQ5Q1jS6B0rMIjJqIEVuE+AOKEygoRKb0SHRpRxOQA0+siBHAwI0cRwBJYQlKB0yBHS4QAFCAEahLkG6wQKFFxc9/TzqBmgpqyZg7h/zA4RHkZyFQcrbQ8HTFzSBHlDZJEvIzjx0PEw4I8GGlCxlBUzO9fEoiQ4MIX8rQYZNmEqhHR57CSIGhwQxCmjTNKQxqj5GnOEpYWKAElCXCeKaGefoPh4gKCrh8CoSmD6ZPn7KQtgFCQgIvnPiYUcSpNxbSNUZQUJCkEiIxYt7EeXOGtIwSEhi8iBTJUJsv2OtcfqphwYAHSKoJaBk/nsoVkAEBADs=','image/gif'),(5,'application/vnd.oasis.opendocument.database','R0lGODlhFwAQAOfOABQwPSMuMhg3RjAwLSg0OBg5SRg6SjIyMBg7TBk7TBk8TRo+Txo/URs/UBxBUxxCVBxCVR1EWB5HWiVLXSZOYYQyAYQzAVtCMXY+GpE4AUFRV5Q5AZU5ATVXZ5c8BJs7AYlBFD5ZZp89AT9baUZZYjpdb6I+AaI/AUFea6ZAAT9hcUNgbqdCBKRFCkphbK5DAa5EAq5EA7NEAUdmdbRFAaVKEbJGBLNGA7ZGAbdGAbBJCbdIBEpqerdJBbFLDEtsfL5JAcFLAapTHcJMBK1UHlJxgMZSCsVUD7JaJMdUDq9cKbxcIbldJLFhMLViLsBfJMpcGrRjMcVeIGV8iKdpRLxkLsZhJKBtTm1+hsliIstiIcdjJ8NnLsxlJsloLsxqLc9tMXiIkLt2S7V5VXeOmc52QJWIfs54Q855RXyTn32UoMN/Va6GbdR7Rch/UryFY6KNgbeKb8SHYpCYnMaIYYyaoNeEUr2MbtSHWc6MZJOgptmMXbyWfsmScdiOYcuSb5Glrs6SbtqPYNqPYcKXfdSTa9STbK+flJeosdmVbNuWbKKoqtuXbdCbedOad9CcfNuZcdebddCeft6acdicd5+utt+ddKeustGihN+edaSzu+Chetujgdukgqyzt9ymhbyxquGmgt+nhM+slr+xqeKng8Syp7O4u+Oqh+Gsi7a7vd2xlce9tsu8s73CxbrGzMHExue5nOe5nem6ncvEwNXDt8TKzt7KvdPOy8/Q0OHMv9XQzdnSztjT0OnPwOjTx9Tc3/HXx/LXx/Pd0N7k5/Le0fXe0ePk5fXf0efl5O/s6vr6+v39/f7+/v///////////////////////////////////////////////////////////////////////////////////////////////////////////////////////////////////////////////////////////////////////////////////////////////////////yH5BAEKAP8ALAAAAAAXABAAAAjxAP8J/DeDggEAc+aECYMljJmBECMWCSFAwxxVyZY1s3Xs0qmIElcAa8as2RwzCo8twzIH5EAXPKYECICFZa85KpthcSlQgwMAM481W6YMiwsXi1zw/DenZLOnczzZAtYLVkOeI2EtwsLsitdRGZU9dGnLloYGQDGAUNLEQ5OMLZe6mAA0wy+NujxgUhbXZREedAd4IHTrVh8Pj3L1BTllRgQAFzzU8CBZr6el/6aogAAAA5VkxYola9JnEWbNPzE0YcaaGWnTSzU/gJxh1K9fmCqM+hh7xk8XYzKAAJGBTTJbi0FSAACAwBw9i6JHfw4yIAA7','image/gif'),(6,'application/msword','R0lGODlhFwAQAMQfAJSt6Ofq99Xc57rK8mR5rfn6/fP1+3CT6RM6VydNjylWpKSyu6e77HuX1xVGkVV3yWaI23OTykR13DRgse3v+Yij30ZswICc1QY4gnmNnVh91HKN0maBwV2C1v///////yH5BAEAAB8ALAAAAAAXABAAAAW/4PcdJAlBXac9j+VOYiweQ20zOAPsACzPA49wWCgWDb0fcCg0FgxQgEI5GjQ2mwejoCiwNJbKVAmx7ggeSGIA4EwuYmonWCEEKoA1Y4KgVBJyWw0cDBwSCQAWCRkUFw5UGlsbBBeHFm4IAo2PSloFHAeHAhqHjAGOVJ4PhwEUipkBAQ2cPxYMBgoJCwYUCggLsQERGFQWAFBQFMoUwcLESsbIy8zNw8U8ABXaFxcNEd/WShPjCuUJDugOGOvrPyEAOw==','image/gif'),(7,'application/vnd.ms-excel','R0lGODlhFwAQAMQfAPz9/ISsddvp2+v06425gHijaFGLOg1uDfX59URpL+Lu4nS1ay1QHFmkVJzHlGeVWHGbXufw51mCVqfQnbLWqjSHMVh8QkuVSPD38GGHTGarXy9RKzdcJUtyOV6TSP///yH5BAEAAB8ALAAAAAAXABAAAAW94PcRRBAUBfQ8WWa9XSfOIkFR0+TsZGkWMlqNAigaEUgMZgAUigJEIwCJUA6YQWFgAlhoNA+kZCwZQBLOT4F7oSwWHsmiUTkozumCo3iZeA10BxEKD2hOEHtIFQ4aDQl2CoSGQg8EVHQEHhccKwoeHGmVVQ1zB5mbAQKfaRmWDRuwGwdwm6qgThYBS1eDAbEbAgYMabm8g5ECycnCxAUDEccKysrMTh0oKSoPHtwG3tVCMR0J5OUc5wzpwzQhADs=','image/gif'),(8,'application/vnd.ms-powerpoint','R0lGODlhFwAQAMQfAK5JMvqnbOtyM//695E0Kv7ayGoVE+iSbPy5h7RcQ//m2f7z7f3RufDDjdVkLu2IVb1bK//u5dN4Wf3DpsNjSfmVV8ttUfeISeKGZfN/Qe6RSdqAYO+XXsFzWv///////yH5BAEAAB8ALAAAAAAXABAAAAXJ4PcdJIZtkmRRVJIAsCiLB2IHeFBV15VlAsBMVvMYj4PBYhkJDmkIz+GkWrUSTeETEzUmlcyIQkB4fjYBIyNBICQQEfG4/JSkGYDFwNBGMAwKDnRDdgMJeh4GEA8JCgoFgmYWFQMEGQ8HAA8cBBMGBRCDMxSUBA0NCA+bBAWtEAZmFBcLCRoNAaoZCZ6gsE8JGQt4GhwPGQAIrQyvZsBxDB1tHckFDHi+QwACco6tytYA2DPaAuUCDugQ6hAw4jIwAG3yBAb19u4hADs=','image/gif'),(9,'application/vnd.ms-project','R0lGODlhFwAQAMQfALTGs9Pb0+T45Ki0qfv++lBpT9jr2IyajXWVcoakhZukmpu1l2N3ZHiJeWyCab/QvkhaR/D38KbDoYCcf4+qjeTw5aK6nztUN+3+7JWvk4CUgEBZPVl1VmSAYW+Kb////yH5BAEAAB8ALAAAAAAXABAAAAXd4PdJ0jAoVJJoiOc4XMeJtEg+OCBZgLVYmQViVhMtHoSk4GEJJCMYTIZYXACSBJzmEKhEIgIKtZa5EgxMRiDw6GIohaIocY3gOo12ADAwwOUfdARsFB0BCicDBwsZcXITEhEDABwLGA8UGgweAH9yCBIADQ0doWiaCAYJEICgFgwaexkWFBkNAxirgA4LFQoKXQCaDA0GAhOscrwYEYcDAQMeDAMVBhMbgB0UXxEVAAcHEx4G5NeAHBkYAgJRBhYIANXHF+ceCRP4LC2jLwX0ch1kFBg4EILBgwaLhAAAOw==','image/gif'),(10,'application/vnd.ms-access','R0lGODlhFwAQAMQfALeQpcqYrnAhT6hykclokv77/te5xc+nuYxddujK1+OpwZdqhP/r+oQzYf/z/d/D0PHX6FETPPTr8t+Wsvbl631RZZdggvjn9bCBnu7o76Vgguny9c5+nff0+////////yH5BAEAAB8ALAAAAAAXABAAAAXP4PdNymEGAIANrIVYjSiLypM8j6GbR4AOsRkt4Sl6CgWH5OIoYoLCA9FYoOhSjwJGIBQdHkaPNRHQDBaJbfcTyB4LNgWBw6mkuN2AofA2TDgEgQIqeEIYBlQHdIENEQ9qXYdGZBMEDQIRAB0LhTMYB0cPAXQCFQsGDgwDEWsDBw4GAROXCBQOHRQMC6xdGgEQPhUVEA4UEscOu2u+EhWlCR0bFxIZErq8QggAHhAPGQUdHQzjDMnYMxYDGBgqLCwL8AuNaw31Avf4Efr75x8hADs=','image/gif'),(11,'application/vnd.visio','R0lGODlhFwAQAOfAABcZRBwkZBwlZB8maCIpbSIpbiUrcyUrdCcteSkvfywyhSwyhi4ziy40jDA1kTE2kTI3ljM5mzQ5mzY8nzc8oDg9ozs/pzZMpjRNrzRNsENQvENRu0BWtj9ZukFav05enENfy0dhxUtlzkxmyktmzk9i31NpwFVn4FVo4FFs2VNt2FBu4Ftu4lx102J142N44WJ63WN54WV82HN+sHN+sWh75XN/s3SAtnWBtm2B0XWCuHWCuXaEvHeEvXeFv2+C52+F23iGwHCD53uGwXmHw3mHxHuJx36KxHyLyn2LzHeK6X2Nz4GNyn6O0HuO2X6P0n+P0oOS0H+R6nuS83yT7H2T64GT4YCS636V7n+V7H6W84OX5oCX8oKY8YaY7YeY7Yeb6oma7Yec7Ymb7Yic8oud7o2d7Yye7o6f7o6g6Yyg74+g7pCi75yl0pOk8JSk8JSl8JWl8Jio8Zmo8qCr35ur8Jyr85ys8Z2s852t8p+v8aGw86Cx9qCy96Ky8qKy86Oy8qKz9qez6qyz4ay04q204KW19Ka19Ka19aO1/qW29qW4/6m49ay57qq59a2797G/9rW/8Le/7LTA87PB97jB67vE87rG9bvH+LvI+MPP/8vR8c3T9c3T9tPX+Nzg+N7g+eDg9eHl++Pl++bm+efm+efn+ebq/Ovq+urs++vt++7s+uvu/O7t+u7u+u/u++/v/PDw/PHw++/y/fDy/fLy/fPz/fTz/fP1/fX0/fb1/ff2/ff3/fn4/vr6/v3+/////////////////////////////////////////////////////////////////////////////////////////////////////////////////////////////////////////////////////////////////////////////////////////////////////////////////////////////////////////////////////////////////yH5BAEAAP8ALAAAAAAXABAAAAj+AP/9MwNIz504aL5cUfKjhgsWKEpoEEhRoB9FlCA9cnToD545cNicCRPDQkWKeij9wjWL1SlRvnqp2pLrFpQKJwXWgYTrEqZAXFb04pWKjq1aTSbk/Pfm0axMmhJhIbFLF6xJtWQlibAUDSNWfBZpkdFBV65ROWS9QgJhqRdDp7pMgWHiQs1Yn161MvJgqZQ9tBo5aRGlzdFPIFytKsJgqRI7MSuJ2XRUFihOq1AFUbBUiJyhlsh0yuoJkRpJpnokWFrDDS9dkaiASWMlT58sIwjtQLDUxRqzglSI8MABSJUUGZjgMLCURZlclV8pHhQCw5BQNggsPTHmVla9mUkxFToSqtSMAUtLvHiyJAkSI0R88NBxwwaNDwKWbrBQgYIECA40sEACCBxQwAABAHBSQAA7','image/gif'),(12,'application/x-mspublisher','R0lGODlhFwAQAOfpABIlLBY7RBY8RRg9Rho+SBo/SB1BSh1BSyBFUCFFTyRIVCZKViZLVidOWihPWyxRXS1RXi9SXy9TXzJUYTZaZjZbZjpfajtfajJmcjljbzRmbylwfUJqdDJ0gTd3hDd5hj1+ij99ikN/i0CBjFB+hkOEj1d9hFh+hFh+hUKHk1l/hVp/hVeBiFuAhlyBiEuIk12BiFCHk16CilKHklOIk0+KlVGKlF+FjFeIkleIk2GGjGKGjmGHj16Jj1iMlFiMmFSPmWOKkFyNl2SLkVuPml6OmWaMkmSOlV2RnGaOlF6RmmCRm2iPlFSXommPlVqVn2mQlV6UnmKTmlmXoGuQlmaTmmuSmFyYomySmGeUm2GXoWyTmmSWoGeVn26Um2WYomiYomuXoGqYomWapWeapG2YoWmapGSdpmacpmWdpmKfqGWeqHCaom6bpGWgqmegqXKcpGahqnCdpnGdpm+ep3qaoWuirHaepnGhqmqkrm2krHWhqnKjq3GkrXmhqHiiq3uhqnyhqnyiqXqjrHujrIKhp3imroWiqXmpsoijq4qjqn2ptICrtH6stnuvuYGut4Stt4KvuH+xuoWwuIWxuoeyuoO1vIizu4W2v4u0vJWwuIi2vou1vou2vYu3vo+3vo64wJK3voy6wpC5wJK4wJG5wJC6xJW6wJa7wpS9wpa8w5C/xpa9xZi+xpbAx5q/xZu/x5bCyZzAyKa9wqHAxZ3DyZ7DyKTCyaXFyqPIzqjIz6nIzafK0K/HzKzJzavL0qzM0q7L067N0rPP1LnU2LrU2LvV2r/W2b/Y3cbd4c/e5M/i5NTj6Nbj6Njn69vn7N3r7OHs7eLu8OTu7uXu9efv7+fv9Ofv9efx8uz09+r29+729+/39/D4+fX3/PX7+/f6+/j7+/T9/fn7/Pf9//v9/ff///j///z//////////////////////////////////////////////////////////////////////////////////////////////yH5BAEAAP8ALAAAAAAXABAAAAj+AP/9MxIIkJ87cNiUCdNlSREhOXBwEEhRICFTrViVGvWp0yZKkR41WjTmQkWKg2SVGxeuJbhw38SZI+dtS4WTAv/AwmXLlShHeZo84ZTMGzcrE3D+m4PK2CtkdiypWZMimKpQy5xEUCoHVTphv/Sck+YGBClnZHwxgaC0zal0vGq90XbszAZawEIU6uFAqZhS6XJhmhInzYcYxLT4qBNkgVIwoNDFQjRiD51byzy9IKGMhwKlXDKZW9VHRDFs0IYBUXKI2o0ESpFc6iYJjQczeHbxscGCmTUXBpQSqZTqSo0OGLJEKSEl0bVqKwgo/TFJFyNDghT1OlJFR7Nq004+DFBKA5JRbty2ZXumaRb4aCYEKJ3xxQsWKlCSDNkhA0YLFShoEIBSGVhAwQQSPNAAAwogcEABAwgQAAAnBQQAOw==','image/gif'),(13,'application/vnd.openxmlformats-officedocument.wordprocessingml.document','R0lGODlhFwAQAOeOAAAugQUzmBRGpyREoDVJYzZKZCtKqCRPnSFTxSVVpjNSsExUX0hXazpZuTBcwEBdmD5eo0JiwSxqz0lqyk1urkhvxVFx01NzwVJ10Ft2snR3fnR4flh52nd6fnl7fzuF2Xl8f3p8fl9/xFx/4F+CyV6C1mWKvniXznyY14GW4H+X4Xej63uk6ZOit3ql6JWkuX+n54Cn54+k2Zamu5movpWm5ISr5piqvIWs5oit5ZyrwIqu5JCu1pWs3Zytx4yv5I+x45Gx4pWz4p+w5pW04pyz66W0ypm24Ka2y6i2zZ243p6436e16KG63aq5z6u60aS73aW83K290q286a6+1LDA1rHB17LC2LbD67rF1MDW7Mfa+Mnb+crb+Mzd+M7e+M7e+dDg+dbh7dLh+tLi+tPi+tPi+9bk+tbk+9fl+tfl+9jl+tnm+9rm+9rn+93n9Nbq89zo+9Tr9d3p+9/q++Hq++Hr+9ru9uHs/OLs++Ls/Nvv9+Tt/OXt/Obu/Ofv/OLx+Ojw/ePy+enw/Onw/enx/ezx+e30/e/0/ez2++/1/fP3/vT3/vT6/P///////////////////////////////////////////////////////////////////////////////////////////////////////////////////////////////////////////////////////////////////////////////////////////////////////////////////////////////////////////////////////////////////////////////////////////////////////////////////////////////////////////////////////////////////////////////////////////////////////////////////////////////////////////////////////////////////////yH5BAEKAP8ALAAAAAAXABAAAAj8AP8JFHjFShUqUp44SYLEyMCHEEdInDhi0aJDOgpAhKhiCpaPHzkwYoToRRaNG/9ZGMLEkcuXjkIoalGgZsoJNWoUKfEGhaEMJxjwKBQFCkqIEVKkaIRBBokeFG6A4DEITxMCKRsgQJCowoUDDh6I8cDDDx0lWDcqkCBBEAQRCQD4ANSBB585R9JCNPDhw54AWkwIgHNHaJ02QvQ+HMBYjuPHcjToiXMGiOKNCzZsYMCZMw81Y3ZchkgjEKFAf/rYiZOmDBgcox/OyKOHh+3bX7rEiD3wRRs3bNagMRPGC5ctLHgLbEFmyREiQX7ksAHDxQrl/who3859O8SAADs=','image/gif'),(14,'application/vnd.openxmlformats-officedocument.wordprocessingml.template','R0lGODlhFwAQAOerAAAugQUzmBRGpyREoDZJZDVKYzZKZDZLZTdLZjhMZitKqDhNaDlNZzlNaCRPnTpOaDpOaTtPajxQa0pPVz1SbSFTxSVVpj9UbjNSsEFVcEJWcUhXa0RYc0ZadEZcdjpZuTBcwEBdmEhed0leeD5eo1BheVJke0JiwSxqz1Vofllqgklqyk1urkhvxV1wh2tvdV9yil5zjmFzjFFx01NzwVJ10Ft2snF2fmV4kHR4fmZ7lml7k1h52mp9ljuF2Xt8f19/xH1+f1x/4F+CyV6C1neDk2+FoXiElHmFlXqGlmWKvtJ7In2JmYKOnYaSoX+XtniXzouXpXyY14GW4H+X4YObuY+aqJSeq4mgvZSfruyXO+2XO4+mwo+k2e2ZPO2aPO2cPJWm5O6dPJiqvO2ePe+gPJesyZStzpCu1pWs3e6iPZytx/CkPvCnP5+w5p+zzpu00/GqPpyz6/KuQKe16PKwQK+3wqa51POzQaa71/O0Qau+2K286bbBz6/C27bD67fI3r3N4fvMdfvOesDW7PvRgfvTivvWlMvd+czd+dbe6s7f+tDf+dbh7dPi+tXk+tbk+tfm+t3n9Nvn+9bq89zo+9Tr9d3o+uDr++Hr/Nru9tvv9+Xu++bv/eLx+OPy+enw/Onw/erx/ezx+e7z/e70/ez2+/L2/fT4/vT6/Pf6/v///////////////////////////////////////////////////////////////////////////////////////////////////////////////////////////////////////////////////////////////////////////////////////////////////////////////////////////////////////////////////////////////////////////////////////////////////////////////////////////////////////////////////yH5BAEKAP8ALAAAAAAXABAAAAj+AP8JHKgHT505cdqwKSPmy5YlAyMKFEKxopBDhwwVGiQIokSBVPj8GTmShxo1ZMB40eJR4gw3dFbJnLkqiCpUpQJB+PhvRZgwcohIkjLKBpQNaNCIAvSA54kpU1LV6DIkDYsxP06h6eSnAc8PFSqYakHDAYgQjTaQQpMpDwOeGFCg+EQCiAUAazxtCIWmEpwFPBX48LEpACElAihpQorm0ZkEPAdItkS5sqUbkyAxegKZp8AJL3JsGD06aaIYCDwLzKIIFCdMlyI5WoQohpEDnu1csRLFSRMmSZAcKVKEiw4DnvvAMPKkChYuZt7c2cMlhh8CqkuUMJFChQsZOHYY9Ojx5EwB1QL7jBDhoQMHDRkuUJAQQWJAADs=','image/gif'),(15,'application/vnd.openxmlformats-officedocument.presentationml.template','R0lGODlhFwAQAOeVAKQXCMcSANUWAK4iEDZJZDVKYzZKZDZLZTdLZjhMZrouGDhNaDlNZzlNaDpOaDpOaTtPajxQa0pPV9EuGD1SbT9UbkFVcEJWcUhXa0RYc8U6IkZadEZcdkhed0leeFBhedRENlJke9NIK1Vofu9GG1lqgl1wh2tvdd5UNd9UN19yimlxfV5zjmFzjGtzfW1zfW50fXB1fdxbSmV4kHJ3fXR4fmZ7lml7k+pfPWp9lnl7fv1hK3eDk2+FoXiElHmFlehsTHqGlvRrRdJ7In2JmYKOnfx0S4aSoe59Wn+XtouXpYObuY+aqNaLhpSeq4mgve6OdvGPd+yXO+2XO4+mwu2ZPO2aPO2cPO6dPO2ePe+gPJesyZStzpCu1u6iPfKcgt2gnPCkPvCnP5+zzpu00/GqPvKuQPKwQK+3wuaqpKa51POzQaa716u+2OWyrrbBz6/C2+65s7fI3u3Avr3N4fvMdfvOevvRgfvTivvTjPvUj/vVkfrRz8vd+czd+c7f+tDf+frZ19Xk+tbk+tvn+/vh4Nzo++Hr/OLs/P3q6ebv/enw/erx/ezz/e70/f7z8vL2/fT4/vf6/vn7/v76+v///////////////////////////////////////////////////////////////////////////////////////////////////////////////////////////////////////////////////////////////////////////////////////////////////////////////////////////////////////////////////////////////////////////////////////////////////////////////////////////////////////////////////////////////////////////////////////////////////////////////////////////////////////////yH5BAEKAP8ALAAAAAAXABAAAAj+AP8JHOhlzRkzZcSE0YLFypQhAyNG9LJHTx48GPHcsVMHosSBRkKKNJKl5JUqUjx+jBJnjkuXQiZJkhTJEZ0HH//hSOOmks+flTB06cJIjoOcKMCAoUTpCxJKT3VAaqQIToOcIpo0eQQFCJBHYIV2OcSGQU4NAgQkSsGWbaIaixAZIrMgpwISJArJmMBXRiGxgrgkyDlgx45AgUAEAIH4BaFBgJIM/gigMp/LmPmI9cMCQc6BEk7UoBEDhosVf/qw6HHgMxonTJQcKUIkyA8fPHhQsWHg8xsVPZIseUJlyxg1baiwgEPg878PH0KMKGGixYwbOXIk4VLAucA3HjoNcNiQ4YKFChQiQJAYEAA7','image/gif'),(16,'application/vnd.openxmlformats-officedocument.presentationml.slideshow','R0lGODlhFwAQAOeFACFEjCJHkjVJYzZKZDdNaCdQpTxQaXw4sDxSby5YrUBZeUZZckZZc0Vgg1FifDpjt8FMGsFNG0tojT5ou0BpvVdpgkVuwFFvljly4lV2n1l7p0p+41x/rGOP5W+X54eWs3Ga6Hac6Hec6Haf7Hej63uk6ZOit5WkuYCn54Sm6pinvYCq7mTJGIWs5pyrwJyswIqu5JCu1oiu9Y+x4+WigpWz4oy086W0yqa2y6i2zZ243qG63aq5zzzqLqu60aS73bG6xq290pq/+KPA+LDA1rHB17LC2LrCzKjE+rrF1KfK/MTK0rDQ/83T2MLV9sPV9rXkmsfY99PY3Lvnmsfa+Mnb+crb+Mzd+M7e+dDg+dHg/9Lh+tPi+tPi+9bk+tbk+9fl+trm+9vn/9zo+93p+9/q++Hr++Hs/OLs/OTt/OXt/Ofv/Ojv/Onw/Onw/erx/ezz/O3z/e30/e/0/e/1/fD1/fL3/vP3/vP4/vT4/fT4/vX4/vb6/vf6/vj7/vn7/vr8/vv8/vv8//z9//7+/////////////////////////////////////////////////////////////////////////////////////////////////////////////////////////////////////////////////////////////////////////////////////////////////////////////////////////////////////////////////////////////////////////////////////////////////////////////////////////////////////////////////////////////////////////////////////////////////////////////////////////////////////////////////////////////////////////////////////////////////////////////yH5BAEKAP8ALAAAAAAXABAAAAjuAP8JHGikCJEgPnjkwHFjoMOHAo0UIjQIEJ87clwMgDhwgcePH/3koXMiyUaO/1RIabLkCJAFgWLINDGgJkoVU3pA+fBhgaA+eOa0OfPjJEQVB1hEEKPFwB+ZMsvsEHDzHwQagwYJ6KNnzps0ZHRQRVnBAQMDW6HKDFNjLMp/DPbssVMHDhs0Y7zMcMuRwQsGdOKojbEFBl+OIaK4WaPGzBgwXLC0OPwwxRAPT8oMtoKC8kARSGSA6ODkS5csV6pQKeH5X4gHFEZMSFCACRMlQmysINFa4AYLAThw0JDhgoQGChAQePsPQwAAzB8GBAA7','image/gif'),(17,'application/vnd.openxmlformats-officedocument.presentationml.presentation','R0lGODlhFwAQAMZwAKQXCMcSANUWAK4iEDVJYzZKZLouGNEuGExUX0hXa8U6ItRENtNIK+9GG95UNd9UN9xbSnR3fupfPXp7fnp8fv1hK+hsTPRrRfx0S+59WtaLhnej63uk6ZOit+6Odnql6PGPd5WkuX+n54Cn55amu5movoSr5oWs5oit5ZyrwIqu5JCu1oyv5PKcgt2gnI+x45Gx4pWz4pW04qW0ypm24Ka2y6i2zZ243p643+aqpKG63aq5z6u60aS73aW83K290q6+1OWyrrDA1rHB17rF1O65s+3Avsfa+Mnb+crb+PrRz8zd+M7e+dDg+dLh+vrZ19Li+tPi+tPi+9bk+tbk+9fl+tjl+tnm+9rm+9rn+/vh4Nzo+93p+9/q++Hr++Hs/OLs++Ls/OTt/OXt/P3q6enw/Orx/e30/e/0/e/1/f7z8vP3/vT3/PT3/vT4/f76+v///////////////////////////////////////////////////////////////yH5BAEKAH8ALAAAAAAXABAAAAfggH+CgiVDQkA/PDs2NTODj5AYkpMYa2tnKQWQkCBFRp+fF21taCFEmpt/EjlBcK6vcBRpHQW1qQ4uLm9vLRlvvgkrKz49qJAMGhpqHhYWas8TaGVfOgSpCgICZA/c3GTBK1031psGDQ1aEAfrEFoTZmJcNOSQAxUVT08LAQv54Fgx6D0CQFCJwYNKIoTZMuWFwE0IJkxIMDEBOCcqHkIq4aYjmzFetlSJwuSExkckwIQJJ6xlkhEnB4XAkuWKFSpSmixBcoRDTEEdoOCgIQMGCxQmRHzY8PMPgadQo0KFFAgAOw==','image/gif'),(18,'application/vnd.openxmlformats-officedocument.spreadsheetml.sheet','R0lGODlhFwAQAOeEADVJYzZKZBdjFxJlEx1sHRZ5GSN3I0tvOkh2NiqDKmdscmZtdkx8PUx8PxqRGzKOMk+FP3B1fXF2fnJ2fnN3fnR3fnR4fkOOPz+QP1WJTHd6fnl8f3p8fjmaOj+lP26bZEWuRVymW12rYV2sY0u3S2OuZ26ra3ej63uk6ZOit3ql6HG0cZWkuX+n54Cn55amu3G5epmovoSr5oWs5oit5ZyrwIqu5JCu1nDCcIe5iYyv5I+x45Gx4pWz4pW04pK+jYbEhqW0ypm24Ka2y6i2zZ243p6436G63aq5z6u60aS73aW83K290q6+1JLOkrDA1rHB17LC2JrSmrrF1KTZpa3ersPdvsfa+Mnb+crb+Mzd+M7e+czmwdDg+dLh+tLi+tPi+9bk+tbk+9fl+tjl+tnm+9rm+9rn+trn+9zo+93o+93p+9/q+9bx0uHr++Hs/OLs++Ls/OXt/N7z3Ofv/Ojw/enw/erx/ef24+30/e/0/d3/x+/1/eL/0PP3/vT3/un/2/D/5vb/8fz/+f///////////////////////////////////////////////////////////////////////////////////////////////////////////////////////////////////////////////////////////////////////////////////////////////////////////////////////////////////////////////////////////////////////////////////////////////////////////////////////////////////////////////////////////////////////////////////////////////////////////////////////////////////////////////////////////////////////////////////////////////////////////////yH5BAEKAP8ALAAAAAAXABAAAAj5AP8JFBgFypMmTJIgITIkyMCHEElInEjCj588NQJAhIiDSpWPH0H8+aOHxRSNG/95cCKFkMuXhDjwSRGgZsoOQIAMEmFiUA4MgxbcuLFECUqID1asEISnxIUMcwRt0HPjzREAKRMMGBCoDYwRCKwEEnqDTRGsGw0UKAAIQoMfIRgA0nDnxhohaCEScOCgj18uHw70IWumR96HAhLvWcx4T4U4acLsOLxRgYXLFCZEkKDmhhcblCHGqGOnDh05bm6MubFlRuiHL+AMHXpmdhYXrweyMIOmDBkxYLpowXIFRW6BKb4YEeKDhw4aMlqoOHH8H4Dr2LNjhxgQADs=','image/gif'),(19,'application/vnd.openxmlformats-officedocument.spreadsheetml.template','R0lGODlhFwAQAOejADZJZDVKYzZKZDZLZTdLZjhMZjhNaDlNZzlNaDpOaDpOaTtPahdjFxJlEzxQaz1SbT9UbkFVcEJWcR1sHURYc0ZadEZcdkhed0leeBZ5GSN3I1BheVJke0tvOlVofkh2NllqgiqDKmpsb0x8PUx8P11wh2lvd2tvdRqRG19yil5zjmFzjGtzfW1zfW50fTKOMk+FP3B1fWV4kHJ3fXR4fkOOP2Z7lml7kz+QP1WJTGp9lnl7fnt9fzmaOneDk2+FoXiElHmFlXqGltJ7In2JmT+lP4KOnW6bZEWuRYaSoVymW3+Xtl2rYYuXpV2sY4ObuUu3S4+aqGOuZ26ra5Seq4mgvZSfrnG0ceyXO+2XO4+mwu2ZPO2aPHG5eu2cPO6dPO2ePe+gPJesyZStzpCu1nDCcIe5ifCkPvCnP5+zzpu005K+jfGqPobEhvKuQPKwQK+3wqa51POzQaa71/O0Qau+2JLOkrbBz6/C25rSmrfI3qTZpb3N4fvMda3ervvOevvRgcPdvvvTisvd+czd+dbe6s7f+tDf+czmwdPi+tXk+tfm+tvn+9zo+93o+tbx0uDr++Hr/N7z3OXu++bv/enw/Onw/erx/ef24+70/d3/x+L/0PL2/fT4/un/2/f6/vD/5vb/8fz/+f///////////////////////////////////////////////////////////////////////////////////////////////////////////////////////////////////////////////////////////////////////////////////////////////////////////////////////////////////////////////////////////////////////////////////////////////////////////////////////////////////////////////////////////////////////////////////yH5BAEKAP8ALAAAAAAXABAAAAj+AP8JHEhHzhs3bNCcCfOFS5YhAyMKhEKxIhRBGAH96QNRosAye/yIFIkEjEkvW7B0lFjETp5RMGOO4vGpUyY+Cjz+69GmjSgmU0SZwSHKBBkyl/Qk0PniypVQmKTUyCEp1A5OZCjhQaAzRIMGoB51cfIhECijZCLNOaBTQ4YMnmCQWKNkhCcalsg0UmNA5wQUKDYJRnSkwya0isYU0MmgsabHkDW1YETm0JLFOgWKOEFjRgwXLNASUkEgs0ArhSpNguRoUSJDg1T8GJAZDpUoTZIYISIkCBAfPrTYEJD5ToofS55U0SImTZw6WlTgAWB6wwYOHkCUWCHjhg4dS8YUBDAt8A6GCxYqUJAQAcIDBwskBgQAOw==','image/gif'),(20,'image/gif','R0lGODlhFwAQAMZlAFWGLFqLMaF4MWCRNk6XTmaXPHCLuGudQnWSwF6oL3mTuXCiR3iVwniVw2OqMXqVwHqVwXiWw3mWw32XwWymZX6ZxGqtOX6axX+axn+bxH+bxX+bxoedw4Sex4SfxXeuWISfx4WfyIefw4afx4Wgx3W0OcyeT4mqy4mu0ovAQJC8Xo2y1o3CSJXERZG32pq30pnHT5zISKm40Z/KSp3KU5u93p6+3K691r6+vqjPWq7H37HI3LvP4cjZ58zb6ebm5ufn5+np6erq6urr6+vr6+zs7Obt9+bu9u3t7eju8ufu9uru8uzu8Ofv9e/v7+nw9+zx9+3x9vHx8fLy8u7z9+/z9/Pz8+/09/D09/D0+PH0+PT09PD19/T19/X19fb29vj4+Pn5+fr6+vv7+/z8/P///////////////////////////////////////////////////////////////////////////////////////////////////////////yH5BAEKAH8ALAIAAAAQABAAAAe+gH9/OISFhoKIg2BjZI2OYDiJg2NbXpZSTkFkQJF/ChwIGxEYpBkyQmRfW5EiQ12vsEkeRI5kOA1dPiozLR87TyFSRUI/thJcPTE5NCUvTRleU05Itg1XPCkwLA4nSiRgX1ZT1VQ6FBYJBCjeYmFfX7YRUDY1JgIuK0caY2FhYLYMoiw4UGBAAABGLogRA+YfjgdMtGTBUqXikhELF9oyMAECiAogOnTwcGOMSUadcNRa6ShlGJa1wqQ0RNNQIAA7','image/gif'),(21,'image/jpeg','R0lGODlhFwAQAMZlAFWGLFqLMaF4MWCRNk6XTmaXPHCLuGudQnWSwF6oL3mTuXCiR3iVwniVw2OqMXqVwHqVwXiWw3mWw32XwWymZX6ZxGqtOX6axX+axn+bxH+bxX+bxoedw4Sex4SfxXeuWISfx4WfyIefw4afx4Wgx3W0OcyeT4mqy4mu0ovAQJC8Xo2y1o3CSJXERZG32pq30pnHT5zISKm40Z/KSp3KU5u93p6+3K691r6+vqjPWq7H37HI3LvP4cjZ58zb6ebm5ufn5+np6erq6urr6+vr6+zs7Obt9+bu9u3t7eju8ufu9uru8uzu8Ofv9e/v7+nw9+zx9+3x9vHx8fLy8u7z9+/z9/Pz8+/09/D09/D0+PH0+PT09PD19/T19/X19fb29vj4+Pn5+fr6+vv7+/z8/P///////////////////////////////////////////////////////////////////////////////////////////////////////////yH5BAEKAH8ALAIAAAAQABAAAAe+gH9/OISFhoKIg2BjZI2OYDiJg2NbXpZSTkFkQJF/ChwIGxEYpBkyQmRfW5EiQ12vsEkeRI5kOA1dPiozLR87TyFSRUI/thJcPTE5NCUvTRleU05Itg1XPCkwLA4nSiRgX1ZT1VQ6FBYJBCjeYmFfX7YRUDY1JgIuK0caY2FhYLYMoiw4UGBAAABGLogRA+YfjgdMtGTBUqXikhELF9oyMAECiAogOnTwcGOMSUadcNRa6ShlGJa1wqQ0RNNQIAA7','image/gif'),(22,'image/png','R0lGODlhFwAQAMZlAFWGLFqLMaF4MWCRNk6XTmaXPHCLuGudQnWSwF6oL3mTuXCiR3iVwniVw2OqMXqVwHqVwXiWw3mWw32XwWymZX6ZxGqtOX6axX+axn+bxH+bxX+bxoedw4Sex4SfxXeuWISfx4WfyIefw4afx4Wgx3W0OcyeT4mqy4mu0ovAQJC8Xo2y1o3CSJXERZG32pq30pnHT5zISKm40Z/KSp3KU5u93p6+3K691r6+vqjPWq7H37HI3LvP4cjZ58zb6ebm5ufn5+np6erq6urr6+vr6+zs7Obt9+bu9u3t7eju8ufu9uru8uzu8Ofv9e/v7+nw9+zx9+3x9vHx8fLy8u7z9+/z9/Pz8+/09/D09/D0+PH0+PT09PD19/T19/X19fb29vj4+Pn5+fr6+vv7+/z8/P///////////////////////////////////////////////////////////////////////////////////////////////////////////yH5BAEKAH8ALAIAAAAQABAAAAe+gH9/OISFhoKIg2BjZI2OYDiJg2NbXpZSTkFkQJF/ChwIGxEYpBkyQmRfW5EiQ12vsEkeRI5kOA1dPiozLR87TyFSRUI/thJcPTE5NCUvTRleU05Itg1XPCkwLA4nSiRgX1ZT1VQ6FBYJBCjeYmFfX7YRUDY1JgIuK0caY2FhYLYMoiw4UGBAAABGLogRA+YfjgdMtGTBUqXikhELF9oyMAECiAogOnTwcGOMSUadcNRa6ShlGJa1wqQ0RNNQIAA7','image/gif'),(23,'image/tiff','R0lGODlhFwAQAMZlAFWGLFqLMaF4MWCRNk6XTmaXPHCLuGudQnWSwF6oL3mTuXCiR3iVwniVw2OqMXqVwHqVwXiWw3mWw32XwWymZX6ZxGqtOX6axX+axn+bxH+bxX+bxoedw4Sex4SfxXeuWISfx4WfyIefw4afx4Wgx3W0OcyeT4mqy4mu0ovAQJC8Xo2y1o3CSJXERZG32pq30pnHT5zISKm40Z/KSp3KU5u93p6+3K691r6+vqjPWq7H37HI3LvP4cjZ58zb6ebm5ufn5+np6erq6urr6+vr6+zs7Obt9+bu9u3t7eju8ufu9uru8uzu8Ofv9e/v7+nw9+zx9+3x9vHx8fLy8u7z9+/z9/Pz8+/09/D09/D0+PH0+PT09PD19/T19/X19fb29vj4+Pn5+fr6+vv7+/z8/P///////////////////////////////////////////////////////////////////////////////////////////////////////////yH5BAEKAH8ALAIAAAAQABAAAAe+gH9/OISFhoKIg2BjZI2OYDiJg2NbXpZSTkFkQJF/ChwIGxEYpBkyQmRfW5EiQ12vsEkeRI5kOA1dPiozLR87TyFSRUI/thJcPTE5NCUvTRleU05Itg1XPCkwLA4nSiRgX1ZT1VQ6FBYJBCjeYmFfX7YRUDY1JgIuK0caY2FhYLYMoiw4UGBAAABGLogRA+YfjgdMtGTBUqXikhELF9oyMAECiAogOnTwcGOMSUadcNRa6ShlGJa1wqQ0RNNQIAA7','image/gif'),(24,'image/bmp','R0lGODlhFwAQAMZlAFWGLFqLMaF4MWCRNk6XTmaXPHCLuGudQnWSwF6oL3mTuXCiR3iVwniVw2OqMXqVwHqVwXiWw3mWw32XwWymZX6ZxGqtOX6axX+axn+bxH+bxX+bxoedw4Sex4SfxXeuWISfx4WfyIefw4afx4Wgx3W0OcyeT4mqy4mu0ovAQJC8Xo2y1o3CSJXERZG32pq30pnHT5zISKm40Z/KSp3KU5u93p6+3K691r6+vqjPWq7H37HI3LvP4cjZ58zb6ebm5ufn5+np6erq6urr6+vr6+zs7Obt9+bu9u3t7eju8ufu9uru8uzu8Ofv9e/v7+nw9+zx9+3x9vHx8fLy8u7z9+/z9/Pz8+/09/D09/D0+PH0+PT09PD19/T19/X19fb29vj4+Pn5+fr6+vv7+/z8/P///////////////////////////////////////////////////////////////////////////////////////////////////////////yH5BAEKAH8ALAIAAAAQABAAAAe+gH9/OISFhoKIg2BjZI2OYDiJg2NbXpZSTkFkQJF/ChwIGxEYpBkyQmRfW5EiQ12vsEkeRI5kOA1dPiozLR87TyFSRUI/thJcPTE5NCUvTRleU05Itg1XPCkwLA4nSiRgX1ZT1VQ6FBYJBCjeYmFfX7YRUDY1JgIuK0caY2FhYLYMoiw4UGBAAABGLogRA+YfjgdMtGTBUqXikhELF9oyMAECiAogOnTwcGOMSUadcNRa6ShlGJa1wqQ0RNNQIAA7','image/gif'),(25,'image/x-ico','R0lGODlhFwAQAMZlAFWGLFqLMaF4MWCRNk6XTmaXPHCLuGudQnWSwF6oL3mTuXCiR3iVwniVw2OqMXqVwHqVwXiWw3mWw32XwWymZX6ZxGqtOX6axX+axn+bxH+bxX+bxoedw4Sex4SfxXeuWISfx4WfyIefw4afx4Wgx3W0OcyeT4mqy4mu0ovAQJC8Xo2y1o3CSJXERZG32pq30pnHT5zISKm40Z/KSp3KU5u93p6+3K691r6+vqjPWq7H37HI3LvP4cjZ58zb6ebm5ufn5+np6erq6urr6+vr6+zs7Obt9+bu9u3t7eju8ufu9uru8uzu8Ofv9e/v7+nw9+zx9+3x9vHx8fLy8u7z9+/z9/Pz8+/09/D09/D0+PH0+PT09PD19/T19/X19fb29vj4+Pn5+fr6+vv7+/z8/P///////////////////////////////////////////////////////////////////////////////////////////////////////////yH5BAEKAH8ALAIAAAAQABAAAAe+gH9/OISFhoKIg2BjZI2OYDiJg2NbXpZSTkFkQJF/ChwIGxEYpBkyQmRfW5EiQ12vsEkeRI5kOA1dPiozLR87TyFSRUI/thJcPTE5NCUvTRleU05Itg1XPCkwLA4nSiRgX1ZT1VQ6FBYJBCjeYmFfX7YRUDY1JgIuK0caY2FhYLYMoiw4UGBAAABGLogRA+YfjgdMtGTBUqXikhELF9oyMAECiAogOnTwcGOMSUadcNRa6ShlGJa1wqQ0RNNQIAA7','image/gif'),(26,'image/x-psd','R0lGODlhFwAQAMZlAFWGLFqLMaF4MWCRNk6XTmaXPHCLuGudQnWSwF6oL3mTuXCiR3iVwniVw2OqMXqVwHqVwXiWw3mWw32XwWymZX6ZxGqtOX6axX+axn+bxH+bxX+bxoedw4Sex4SfxXeuWISfx4WfyIefw4afx4Wgx3W0OcyeT4mqy4mu0ovAQJC8Xo2y1o3CSJXERZG32pq30pnHT5zISKm40Z/KSp3KU5u93p6+3K691r6+vqjPWq7H37HI3LvP4cjZ58zb6ebm5ufn5+np6erq6urr6+vr6+zs7Obt9+bu9u3t7eju8ufu9uru8uzu8Ofv9e/v7+nw9+zx9+3x9vHx8fLy8u7z9+/z9/Pz8+/09/D09/D0+PH0+PT09PD19/T19/X19fb29vj4+Pn5+fr6+vv7+/z8/P///////////////////////////////////////////////////////////////////////////////////////////////////////////yH5BAEKAH8ALAIAAAAQABAAAAe+gH9/OISFhoKIg2BjZI2OYDiJg2NbXpZSTkFkQJF/ChwIGxEYpBkyQmRfW5EiQ12vsEkeRI5kOA1dPiozLR87TyFSRUI/thJcPTE5NCUvTRleU05Itg1XPCkwLA4nSiRgX1ZT1VQ6FBYJBCjeYmFfX7YRUDY1JgIuK0caY2FhYLYMoiw4UGBAAABGLogRA+YfjgdMtGTBUqXikhELF9oyMAECiAogOnTwcGOMSUadcNRa6ShlGJa1wqQ0RNNQIAA7','image/gif'),(27,'image/x-freehand','R0lGODlhFwAQAMZlAFWGLFqLMaF4MWCRNk6XTmaXPHCLuGudQnWSwF6oL3mTuXCiR3iVwniVw2OqMXqVwHqVwXiWw3mWw32XwWymZX6ZxGqtOX6axX+axn+bxH+bxX+bxoedw4Sex4SfxXeuWISfx4WfyIefw4afx4Wgx3W0OcyeT4mqy4mu0ovAQJC8Xo2y1o3CSJXERZG32pq30pnHT5zISKm40Z/KSp3KU5u93p6+3K691r6+vqjPWq7H37HI3LvP4cjZ58zb6ebm5ufn5+np6erq6urr6+vr6+zs7Obt9+bu9u3t7eju8ufu9uru8uzu8Ofv9e/v7+nw9+zx9+3x9vHx8fLy8u7z9+/z9/Pz8+/09/D09/D0+PH0+PT09PD19/T19/X19fb29vj4+Pn5+fr6+vv7+/z8/P///////////////////////////////////////////////////////////////////////////////////////////////////////////yH5BAEKAH8ALAIAAAAQABAAAAe+gH9/OISFhoKIg2BjZI2OYDiJg2NbXpZSTkFkQJF/ChwIGxEYpBkyQmRfW5EiQ12vsEkeRI5kOA1dPiozLR87TyFSRUI/thJcPTE5NCUvTRleU05Itg1XPCkwLA4nSiRgX1ZT1VQ6FBYJBCjeYmFfX7YRUDY1JgIuK0caY2FhYLYMoiw4UGBAAABGLogRA+YfjgdMtGTBUqXikhELF9oyMAECiAogOnTwcGOMSUadcNRa6ShlGJa1wqQ0RNNQIAA7','image/gif'),(28,'application/illustrator','R0lGODlhFwAQAIQfAOKSsbGxsapKg/Hx8ZBNcOvr69ZimNfX1/Da5KKioklHQI2Njfv7+8djlL5UkNlamNB1pOGkxON+msxViOzK3MDAwOLh4clEi8dPkfrt9Pfi6uBwmvb29iYmJsfHx////yH5BAEAAB8ALAAAAAAXABAAAAWp4CeKR2CeZjGu7Ocx3DAUVmUFVtt6c+FbCcYtpxvxZL0FQxhQFV0xZCGxqCYOTyhyAEBELJ5FJevhmBsUDARjgBzGz5cZMnFgGhMAJUDmaGITAg4SBhEXfHESFxcQEBsYDxsGBohFLxQQD5EEAgYbG5U6HggNBAQSDgoEBoShOxoRAAICEgQNAA0NriwvGQYNEg0ODg0GD7srL7ACwhizEcdZFSjUJnAjIQA7','image/gif'),(29,'application/zip','R0lGODlhFwAQAMQfAPveavzxkPzysNq6MIvH9iRgsbF6E3e69/b89pS330yL1WKp6zyC0fv1y9WpHvzUOVun8HSk4Lzd+WW1/9SkC3Wx51GY4s+hDt61AfEZAejRh2+f2gRLsCdpx////////yH5BAEAAB8ALAAAAAAXABAAAAWL4CeOI3Gc1bKQ7KddsLYgUk2YSjteWX91wCADYuHoPpeBcrk0eCoVo84RaAiugSzAmSBIW1SENQAAPDBc75E6Lj/O6S+LLSCb4Z6unMTW3tF5ajoUAQ4OFxSJFIAJUUcGkJBBQRsVEHtHMxMTJwcQDEc6Cx0FpQWYoSwqqUcWERsWCgoMqK02lkUsIQA7','image/gif'),(30,'application/x-rar-compressed','R0lGODlhFwAQAMQfAPveavzxkPzysNq6MIvH9iRgsbF6E3e69/b89pS330yL1WKp6zyC0fv1y9WpHvzUOVun8HSk4Lzd+WW1/9SkC3Wx51GY4s+hDt61AfEZAejRh2+f2gRLsCdpx////////yH5BAEAAB8ALAAAAAAXABAAAAWL4CeOI3Gc1bKQ7KddsLYgUk2YSjteWX91wCADYuHoPpeBcrk0eCoVo84RaAiugSzAmSBIW1SENQAAPDBc75E6Lj/O6S+LLSCb4Z6unMTW3tF5ajoUAQ4OFxSJFIAJUUcGkJBBQRsVEHtHMxMTJwcQDEc6Cx0FpQWYoSwqqUcWERsWCgoMqK02lkUsIQA7','image/gif'),(31,'application/x-tar','R0lGODlhFwAQAMQfAPveavzxkPzysNq6MIvH9iRgsbF6E3e69/b89pS330yL1WKp6zyC0fv1y9WpHvzUOVun8HSk4Lzd+WW1/9SkC3Wx51GY4s+hDt61AfEZAejRh2+f2gRLsCdpx////////yH5BAEAAB8ALAAAAAAXABAAAAWL4CeOI3Gc1bKQ7KddsLYgUk2YSjteWX91wCADYuHoPpeBcrk0eCoVo84RaAiugSzAmSBIW1SENQAAPDBc75E6Lj/O6S+LLSCb4Z6unMTW3tF5ajoUAQ4OFxSJFIAJUUcGkJBBQRsVEHtHMxMTJwcQDEc6Cx0FpQWYoSwqqUcWERsWCgoMqK02lkUsIQA7','image/gif'),(32,'application/x-gzip','R0lGODlhFwAQAMQfAPveavzxkPzysNq6MIvH9iRgsbF6E3e69/b89pS330yL1WKp6zyC0fv1y9WpHvzUOVun8HSk4Lzd+WW1/9SkC3Wx51GY4s+hDt61AfEZAejRh2+f2gRLsCdpx////////yH5BAEAAB8ALAAAAAAXABAAAAWL4CeOI3Gc1bKQ7KddsLYgUk2YSjteWX91wCADYuHoPpeBcrk0eCoVo84RaAiugSzAmSBIW1SENQAAPDBc75E6Lj/O6S+LLSCb4Z6unMTW3tF5ajoUAQ4OFxSJFIAJUUcGkJBBQRsVEHtHMxMTJwcQDEc6Cx0FpQWYoSwqqUcWERsWCgoMqK02lkUsIQA7','image/gif'),(33,'application/x-compressed-tar','R0lGODlhFwAQAMQfAPveavzxkPzysNq6MIvH9iRgsbF6E3e69/b89pS330yL1WKp6zyC0fv1y9WpHvzUOVun8HSk4Lzd+WW1/9SkC3Wx51GY4s+hDt61AfEZAejRh2+f2gRLsCdpx////////yH5BAEAAB8ALAAAAAAXABAAAAWL4CeOI3Gc1bKQ7KddsLYgUk2YSjteWX91wCADYuHoPpeBcrk0eCoVo84RaAiugSzAmSBIW1SENQAAPDBc75E6Lj/O6S+LLSCb4Z6unMTW3tF5ajoUAQ4OFxSJFIAJUUcGkJBBQRsVEHtHMxMTJwcQDEc6Cx0FpQWYoSwqqUcWERsWCgoMqK02lkUsIQA7','image/gif'),(34,'text/plain','R0lGODlhFwAQAKUzAKWlpaqqqqysrK6urq+vr7GxsbS0tLi4uLq6ury8vL29vb6+vsDAwMLCwsPDw8bGxsfHx8jIyMrKysvLy83Nzc7Ozs/Pz9PT09TU1NXV1dbW1tfX19nZ2dvb293d3ebm5ufn5+np6erq6uzs7O3t7e/v7/Dw8PHx8fLy8vPz8/T09PX19fb29vf39/j4+Pn5+fr6+vv7+/z8/P///////////////////////////////////////////////////yH5BAEKAD8ALAIAAAAQABAAAAaKwN9vQSwahciha8ZsylyL5DCmWllPpZAMFEUuZK1Xq5UyiWQsVXcoezEQBkIAIKvLut9YPeZanUYiH3dCXzIQDQsHBgUDAiSDbHZ7LiwpKJCFFRIPDgwKCQgsmJJ2MS8vLqMyGhcWFBMREQ+peJIxMTC5uaoeHRwbGRjCerWkxngvTU52L3hGz0ZBADs=','image/gif'),(35,'text/html','R0lGODlhFwAQAMZ1AEWJwGWVVk+RwGqZWU2YvG2cXGudWWyeWmyeW1KlZGyfWlahim2fW26gXFCh02ajg2elolil1VmmzX+nalap4Ver23yrdICrcoCsbIGrc4GscoGsc4Ksc2OuyISteGis2YWud4WueVW5nIaveG6uzmq1qoiyfIKzhFvDYWq0zIq5bWe8t424eIu1pnC8wI22u5a6e5K6kXzFdEXaX3rA1prDf5vDhZ/CiHfIxYTD2mzPrILGyozD0VvbfaPEkY7Kr3HWk6jFn6nFn729vanIj6LKmqvHoavIoavIonnZlZ/LuoPVsKHRjaPXlJHfi5rV2J/bj8LUu4znoaPb27zaubXc1MfZwcLirtLdzb7k1NPfz6vxu7rsyb3q1dnk1Nrm1ubm5ufn58/yzenp6erq6uvr6+zs7O3t7e/v7/Dw8PHx8fLy8vPz8/T09PX19fb29vj4+Pn5+fr6+vv7+/z8/P///////////////////////////////////////////yH5BAEKAH8ALAAAAAAXABAAAAfXgH+Cf0OFhoeDiYqEcHN0j5BwQ4uLQ3NtbplqaGN0YZOUg0NHGgwbQlppZHRvbaChAz5UVUonI1FlkHSvig1XYllTOTxFIFhmZGC7lAc2W1xPNCtAThhBa2hny4sMTVJdKTg9Myg3GW9sa9uKDFBJOxIuOiIJRAhxb2/riQpMSx0VHAAQ8AAGhzhx4OwbdICFjBIRKBBYYKKAETlwFPJKZKDGDxIfIKiY4MGLnJMLEwWw0OJFjAMhrMyZ6WhjoiFGLiDYgOSLrkc2RcX5+TNOUEGHkiZVFAgAOw==','image/gif'),(36,'text/css','R0lGODlhFwAQAKU+AM+oKM+vRL6+vvTBLPPDKfTDMvTDM/XHMPfOUffPTffQTPbQVPbPYfjSUvjSWffTdvfWZ/jXZvjZYvnYavfXhffZcvjac/nZevjadPndgvndg/neg/jei/rgi/rgjPjiqubm5ufn5/novOnp6erq6uvr6+zs7Prtxe3t7fjuy+/v7/Dw8Prw1Pvx0PHx8fLy8vPz8/T09PX19fb29vf39/v47Pz47Pj4+Pn5+fz69Pr6+vv7+/z7+fz8/P///////yH5BAEKAD8ALAAAAAAXABAAAAakwJ/wJygaj8Okknjb9Z7Qm2C5FOxisqxLNeqFptShoEfD0WiwFak3i4HDglYKZ569StDeu1qBPHc3Mi4mJCB6YT8BEQ4cJzmAMi8qKIdLEhMWHRkIBQ89gDMwL5VLDRgeGgsMPE86ODMzpEsKGxcDLFA7dDeySgkHBAYiO8Q6Oje8e0oANjUUH8XGxr1JY3nE2E7K1XndUNtiON55OOBCR+joSkEAOw==','image/gif'),(37,'text/csv','R0lGODlhFwAQAKUzAKWlpaqqqqysrK6urq+vr7GxsbS0tLi4uLq6ury8vL29vb6+vsDAwMLCwsPDw8bGxsfHx8jIyMrKysvLy83Nzc7Ozs/Pz9PT09TU1NXV1dbW1tfX19nZ2dvb293d3ebm5ufn5+np6erq6uzs7O3t7e/v7/Dw8PHx8fLy8vPz8/T09PX19fb29vf39/j4+Pn5+fr6+vv7+/z8/P///////////////////////////////////////////////////yH5BAEKAD8ALAIAAAAQABAAAAaLwN9vQSwahciha8ZsylyL5DCmWllPpZAMFEUuZK1Xq5UyiWQsVXcoezEQMULgJKvLut9YPeZanUYiH3dCXzIQDTIHBi4DAiSDbHZ7LiwpKJCFFRIyDgwxCQgsmJJ2MS8vLqMyGhcyFBMwEQ+peJIxMTC5uaoeHTEbGTIYGHq1pMd4L01Odi94RtBGQQA7','image/gif'),(38,'text/xml','R0lGODlhFwAQAMZHADl4z0SS2FWQ4F2U4WWV4Vma41ec42eZ41+c5FWf5Vqe5Geb42Gg5Vik5WKi5WWj5Ven51um5l2o6GWn6Fur6Wio52Wp6Gqq6GKv6Gau6XCw6nGz6mq163Wy6We37HG16nK263K363m47Ha77L29va/F7bDJ7dHf9NLh9ebm5ufn5+np6erq6uXr+Ovr6+zs7OXt+O3t7ebv+erv9u/v7+vw+PDw8Ozx9+7x+PHx8fLy8vPz8/T09PD1+vX19fT1+Pb29vf39/j4+Pn5+fr6+vv7+/z8/P///////////////////////////////////////////////////////////////////////////////////////////////////////////////////////////////////////////////////////////////////////////////////////////////////////////////////////////////////yH5BAEKAH8ALAAAAAAXABAAAAe6gH+CfySFhoeDiYqEQkVGj5BCJIuLJEU8Ppk5NCtGKpOUgyRGQUNBQTs2LEZAPKChJD1Ds0FAOi6QRq+VGxhGHiE3PjkvLCm6oX8BIBZGHCMaMz46NDHIlBQfEzBGMhkfEiZAOzrXihAiDSeQKBEdCj9AQOaKCRcILUYwDhcGJbNC6CkC8GCAEQYVFtQgQkRIwF2KSBAQYKTAARwMMwpMNCpXkY8gN4rKRRISRI5DSuYaclLUoZeIEgUCADs=','image/gif'),(39,'text/x-sql','R0lGODlhFwAQAMZCAJOTk5SUlJaWlpeXl5qamp2dnZ6enqKioqWlpaampqenp6ioqKWqpaurq6urrKysrKysra2tra2urqyvrLCwsLGxsba2tre3t7i4uLy8vL6+vr+/v8DBw8LCwsXFxcbGxsjIyMrKysvLy8/Pz9DQ0NHR0dTU1NXV1dfX19nZ2dvb2+Li4uTk5Obm5ufn5+jo6Onp6erq6uvr6+zs7O3t7e/v7/Dw8PHx8fLy8vPz8/T09PX19fb29vj4+Pn5+fr6+vv7+/z8/P///////////////////////////////////////////////////////////////////////////////////////////////////////////////////////////////////////////////////////////////////////////////////////////////////////////////////////////////////////////////////////yH5BAEKAH8ALAAAAAAXABAAAAfWgH+CfwsDAYeIh4OLjH8DPUBBkpM9CI2NAUA6O5w3NTBBLgmXgxwNGRgbJTM5NjFBPDoLpBImND5ANikXPDgyk0EBlxM7Org8PAs9OzczMS3Blww4KSwrIDcIQMs4NTTRjRE9KjUkJEIHQds8OTjgjA4uJzUiIkIGkj8+yO+LEC6rPHwQQkASEB8+evQbROEFihUhRggBAATIjx89FAprVKFDDBs4ZoQoYPHixYWDLBR4oCCBBhsVY0baeCkAsJuTaDYS4AMnMB8DSP1RICCR0QADFDAKBAA7','image/gif'),(40,'text/x-java','R0lGODlhFwAQAMZMAI9QNZJVO5RYP5tkTJxlTp1mT55oUXt7e6V0X42NjbKIdraQgKOjo7+ekK6ursWpnbCwsLGxsbW1tbe3t7m5uc21qrq6uru7u7y8vL29vb+/v8LCwsPDw8TExMbGxsjIyNbFvsvLy8zMzM3Nzc7Ozs/Pz9DQ0NHR0dLS0tPT09TU1NfX19vb293d3d7e3uDg4OHh4eLi4uPj4+Tk5OXl5ebm5ufn5+jo6Onp6erq6uvr6+zs7O3t7e7u7u/v7/Dw8PHx8fTx7/Ly8vPz8/T09PX19fb29vj4+Pn5+fr6+vv7+/z8/P///////////////////////////////////////////////////////////////////////////////////////////////////////////////////////////////////////////////////////////////////////////////////////////////////////////////yH5BAEKAH8ALAIAAAAQABAAAAe+gH9/GYSFhoKIg0dKS42ORxmJg0pERZZAPjhLNpGIGSUkIyEhHysxS0ZEnR0tNzc4NzY0JxmajRkaPxUDAQAAAgYPLxk5NUsZDkJBDQoEBQgLIDkSPjzHFElHPkU93Tg0NBZDQscbSzIXMzIxLigyKipGRtdHJB4wLy0rKDsRM0hHjv0hwYJEDRoxWtBAwaHIkYCdGJjgwUNHDBEYeCTZKHAQiQkTJEBIMUSJSUadMjhayTIlEpYskaQ0RNNQIAA7','image/gif'),(41,'application/pdf','R0lGODlhEAAQAMZHAMAWEMoVDs0YEdo4Ld9QRttVT99VTOZeU+JlXeVpYOpoXehqYOFsZeRuZud1bex2bO52aeV5cuR8duR9d+WBeu5/dPF/c/GEeOaHge2cl+mgm+ujn/Kmnu2rp/Otpr6+vu+4tPO/ufHDwPLLyfXQzPTV0/fW1Pba2Pfc2vfd2/je3Obm5ufn5/jl5Onp6erq6uvr6/fp6Ozs7Pnp5+3t7e/v7/Dw8Pnu7fHx8fTx8fLy8vPz8/fz8vT09Pnz8/X19fb29vf39/j4+Pn5+fr6+vv7+/z8/OrXgOrXgOrXgOrXgOrXgOrXgOrXgOrXgOrXgOrXgOrXgOrXgOrXgOrXgOrXgOrXgOrXgOrXgOrXgOrXgOrXgOrXgOrXgOrXgOrXgOrXgOrXgOrXgOrXgOrXgOrXgOrXgOrXgOrXgOrXgOrXgOrXgOrXgOrXgOrXgOrXgOrXgOrXgOrXgOrXgOrXgOrXgOrXgOrXgOrXgOrXgOrXgOrXgOrXgOrXgOrXgOrXgCH5BAEKAH8ALAAAAAAQABAAAAemgH9/H4SFhoKIg0JFRo2OQh+Jg0U5FyE/ODUuRiyRiB9GPBYkQTs2L0ZAPZ6DRkMQHEFAOjCORp6gRRUeRUKYMi8rt4KgRgoPRr0/OjU0w60qBwsmyUJAOzrPoA4ZKQkoRkRDQEDaMwYtJw0DBAgRHULaExQgGyIlGAwSGvGeGwU3GhUpQoRIDB9EhhUoMMLWwIeMPizcYKuiI1xDLNoagsuQR0OBAAA7','image/gif'),(42,'application/rtf','R0lGODlhFwAQAKUzAKWlpaqqqqysrK6urq+vr7GxsbS0tLi4uLq6ury8vL29vb6+vsDAwMLCwsPDw8bGxsfHx8jIyMrKysvLy83Nzc7Ozs/Pz9PT09TU1NXV1dbW1tfX19nZ2dvb293d3ebm5ufn5+np6erq6uzs7O3t7e/v7/Dw8PHx8fLy8vPz8/T09PX19fb29vf39/j4+Pn5+fr6+vv7+/z8/P///////////////////////////////////////////////////yH5BAEKAD8ALAIAAAAQABAAAAaKwN9vQSwahciha8ZsylyL5DCmWllPpZAMFEUuZK1Xq5UyiWQsVXcoezEQBkIAIKvLut9YPeZanUYiH3dCXzIQDQsHBgUDAiSDbHZ7LiwpKJCFFRIPDgwKCQgsmJJ2MS8vLqMyGhcWFBMREQ+peJIxMTC5uaoeHRwbGRjCerWkxngvTU52L3hGz0ZBADs=','image/gif'),(43,'application/x-shellscript','R0lGODlhFwAQAMZKAFNTU1xcXF5eXmBgYGVlZWlpaW1tbXJycoGBgYKCgoaGhoeHh4iIiIqKiouLi4+Pj5mZmZqampubm5ycnKCgoKGhoaKioqWlpaurq7GxsbS0tLW1tba2tre3t7i4uLq6ur29vb6+vr+/v8DAwMLCwsTExMjIyMnJycrKysvLy9LS0tTU1NXV1dbW1tjY2Nra2t/f3+Dg4OHh4eLi4ubm5ufn5+jo6Onp6erq6uvr6+zs7O3t7e/v7/Dw8PHx8fLy8vPz8/T09PX19fb29vf39/j4+Pn5+fr6+vv7+/z8/P///////////////////////////////////////////////////////////////////////////////////////////////////////////////////////////////////////////////////////////////////////////////////////////////////////////////////////yH5BAEKAH8ALAIAAAAQABAAAAepgH8hg4SFf4eIIUVISY2ORSGIhyFIQUKXPjw3STWRiUlERkREQD04SUNBnoJJRq5EQz85jkmeIUmMuEVCPjo4NLWTtLpCHxo7way0MCE4IyExGQ/CtB8vIi0uHisM1I4tKhgIDRooCd5J5TYKR0URMxwLyo0XHTITR0cSLBAE86gpToCYEGEDiQHoklA4cQEFiQolDEwyQmtDgRYWHJgQAGBSoUIHAkgKBAA7','image/gif'),(44,'application/x-perl','R0lGODlhFwAQAMZKAFNTU1xcXF5eXmBgYGVlZWlpaW1tbXJycoGBgYKCgoaGhoeHh4iIiIqKiouLi4+Pj5mZmZqampubm5ycnKCgoKGhoaKioqWlpaurq7GxsbS0tLW1tba2tre3t7i4uLq6ur29vb6+vr+/v8DAwMLCwsTExMjIyMnJycrKysvLy9LS0tTU1NXV1dbW1tjY2Nra2t/f3+Dg4OHh4eLi4ubm5ufn5+jo6Onp6erq6uvr6+zs7O3t7e/v7/Dw8PHx8fLy8vPz8/T09PX19fb29vf39/j4+Pn5+fr6+vv7+/z8/P///////////////////////////////////////////////////////////////////////////////////////////////////////////////////////////////////////////////////////////////////////////////////////////////////////////////////////yH5BAEKAH8ALAIAAAAQABAAAAepgH8hg4SFf4eIIUVISY2ORSGIhyFIQUKXPjw3STWRiUlERkREQD04SUNBnoJJRq5EQz85jkmeIUmMuEVCPjo4NLWTtLpCHxo7way0MCE4IyExGQ/CtB8vIi0uHisM1I4tKhgIDRooCd5J5TYKR0URMxwLyo0XHTITR0cSLBAE86gpToCYEGEDiQHoklA4cQEFiQolDEwyQmtDgRYWHJgQAGBSoUIHAkgKBAA7','image/gif'),(45,'application/x-revelation','R0lGODlhFwAQAMZwAAAAAAAAAQYJCgUKDgcKDAMMEwYNFAcNFAYRHA0XIBEYHQ0eLwofNR0jKB0lLR4nLxgqPBYzURw1TC4yNSk2PzQ9Qzc9QCBCZDs+QTpARDlDSylJaD9FS0NFRi1MZ0BLVENPVzNVc0pQVFBTVV5VMj5deURif1deYUlsi0xwkWtra2lsb11wfVt6lWKCm2mGmX6FiXmXr32Xrn2Yq3ufu4CetoGhuYGju4SkvImnvYunvY6nvJuor42txZKwxJmyxpS1zJu2yZu2yp22yZe40J23yqS5yK+4vqK8zaG90au/z6nB0arC0ra/xb+/v6/E1K3F1a7F063F1qvI26zK3rLP4rvS4LzS4cDR3b7T4LzV58bS3MXW4sLX5sfW4r/Z6cbX48TY5O7WgMjY5MjZ5Mfc6cvc6M3c6NLe5dbg59Xk7Njk7Njl7tnl7dzp8e3t7f///////////////////////////////////////////////////////////////yH5BAEAAH8ALAAAAAAXABAAAAe2gH+Cg4SFhocaJyMdGBwPh5AZK0dtbmZeTRMKkIQWMGlqZV1ha2xbIAKcfxQiaGRZX1pXXGNnRg2qHzxYSVNVVFZgT0pQLACcFTI1PUBEJADQUUEzAZwOOjk3NCRiYm9v0OGQCSlDUjgAAODf307HhwkoP0tMAE4q3+npnAMSLkVIWthz56MEgneQDmwQsiOEOgAxbDCopgqAgRcmLjz0AGGfqj8ACCyIYA9AAY8fBenTl7Ilp0AAOw==','image/gif'),(46,'application/x-argouml','R0lGODlhFwAQAOfUACtQfy5TgjFWhDVaiDhdizldizlejDpfjTtgjjZhmzdinTlimjdjnjpjnDxjmjxkmDtknDdloT1lnT5lnDxmnj5mnTtnoj5nnj9nnT9on0Bon0Fonj1po0BpoEBpoUFpoEJpn0Jqn0RroEFspTdvp0VsoTVxqUZtokdtokduokdvpUhvozhzq0lvo0ZwpUlwpEpwo0pwpDx1rExzpk1zpk50p091qEB5rUx2rVB2qFB2qVF3qVF3qk14rlJ3qk54rlN4qFN5q1J6rUd+rlN8r1p7p1R8r05+r1Z8rVd8rFZ9sFh9rVh9rlZ+r1d+sVl+r1KAsVd/sVp/r1t/r2N+tmCBrl2Csl6CsFyDtGGDr1+Es1SJs1aLtXCGpmSJt2WJtnaInlqPuGiLt2eMuXaKoWiMuWmMuWmNummOumqOvGaRt2yQvGyRvnKPwm2RvW6RvWGWv3GSunCSvXKTvHCUv3CUwHGUwHKVwGKawXWVvISUp3SXw3SYwnWYw2udvnaaxHeaxJOaknmdx36dwpGbpnyex32exn+ew3yfyI2cvH+gyX6hyYyftn+iy4ugxYGkzIKkzI6hyIKmvoOmzoSnzoWnz5KkyomoxYaozp+lsqqkn5GpxYmr0Yyrzoyt06GpwZutwZOwzJCw1Z6uwpGy0K2urZKy1q2wsKuwtpO02Kqxt7KzsbKywKq1wZm50q65xbG7xr+/vrvBxsLDwr/Iz8XJysTK0MrMytnIys/R097Nz9fX1tna2Nzc2+na293e3PHb3ODg3ubh0OLi4ePj4vPg3+Xl4+np5+vu1+7u7Pnu1//u7PX23vf44vz49/r74///6///7P//+f//+////////////////////////////////////////////////////////////////////////////////////////////////////////////////////////////////////////////////////////////////////////////////yH+EUNyZWF0ZWQgd2l0aCBHSU1QACH5BAEKAP8ALAAAAAAXABAAAAj+AP8JTLAAQoUMHT4o1HBBQgMGAiNGVOAAQ4gSKVrEiPFiBQoRGyZEkBiRAogTMWbY0MHDx44cNYAUgWGBpEAPK2joCIKEyZMrU4ZsIROoCgeb/1RkSYJEihUtYhiBodLKmTAoI5AuyaRHzRcvZfwok5WLGjVdXEggPcJKmq1EcPAQonZsVbJouMKYQHqjC7VozT61AZYsWSxi1DTFYYFUSB5Uy5JBq1WqcLJTzFTNkYHUiBlJzyzzmjXM2K5br+TgQKpkzCFY0SwnC9br17RRa3ogdXLmziVk0YJDK+aLFqhBbn4gjYLGjqFNjiJZCuWKVCdFfd4ot0nkDB1AizAveTKVShQnSIX4uHGB9AGWNHX+IHpEqdKkRoL2sGmCNCKAAAIMUAACBB5gAAH9BQQAOw==','image/gif'),(47,'application/x-planner','R0lGODlhFwAQAIQcAAAAAAoNDg4TFRsjKCErMSg0Oi06QS06Qi07QjE/RzxOWEBUXkZbZkphbUthbkxib0xjcFVvfVVvfmJ/kGKAkWOAkYOqwISswoixyIy2zo240JG91v///////////////yH+EUNyZWF0ZWQgd2l0aCBHSU1QACH5BAEKAB8ALAAAAAAXABAAAAVD4CeOZGmeaEoCbOu2aizPKrXd+AbRSuT/EQTtBBiaFJVkZUIwSi7Qi6Vg/LyKsoejwRBUF5pMBjOofhIHgyFgbrs/IQA7','image/gif'),(48,'application/x-php','R0lGODlhFwAQAKU0AD0+c1FTmlJUmlZYnVpcn1xeoGxuqW1uqnJzrX1+s4OFt4SFt4WHuJGSvqWmyKanx6ipzKqqyqqrzbOz07i51b6+vsjJ39PU5tzc6t7f7OHh5ubm5ubm6Ofn5+bn8ejo7+np6enp8urq6uvs8u3t7e/v7/Dw8PHx8fLy8vPz8/T09PT0+fX19fb29vf39/j4+Pn5+fr6+vv7+/z8/P///////////////////////////////////////////////yH5BAEKAD8ALAIAAAAQABAAAAaRwN+vQiwahcjhSzZrOl+V5FCmYllPJdCsE0VWZi6Yy5UyiWYtVXcoOSACAYNDw2x24YELHv7gbGZRARYXEyGEgxMBESSAcBkFFh4FGY8WCQQojXmCGHl6FggCLZorFxCJE6UQAQ0vgD+be3oBDB+uXQALA3gDChQjMTGvQ05NMsfIw1/FzHZCFTDNxTBdRtbWQQA7','image/gif'),(49,'audio/mpeg','R0lGODlhFwAQAMZWAFl/tV+EuGSJu2mKu2yLt2mNvmqNvm2Pv3GTw3OUwneUv3SVw3iYxHiYxXuaxnyaxX+cw4CeyX+fyoGgy4yiwYWjzIymy42myZKmw4unz4uoz4ypz5GqzpCq0paqxp+pt5KrzpCs0ZWsy5St0Jity5Wu0Jau0ZuuyJ+wyJix1Z+32KK31LW6wK3A2r6+vrHB2cjT5NTd6dbd6Nff69nh7Nnh7dvi7Nvj7dzj7d7l7d/l7ubm5ufn5+Xp8Onp6eXq8urq6uzs7O3t7ezv9O/v7/Dw8PHx8fLy8vDz9vPz8/T09PX19fb29vb3+fb4+ff4+fj4+Pn5+fr6+vv7+/z8/P///+rXgOrXgOrXgOrXgOrXgOrXgOrXgOrXgOrXgOrXgOrXgOrXgOrXgOrXgOrXgOrXgOrXgOrXgOrXgOrXgOrXgOrXgOrXgOrXgOrXgOrXgOrXgOrXgOrXgOrXgOrXgOrXgOrXgOrXgOrXgOrXgOrXgOrXgOrXgOrXgOrXgOrXgCH5BAEKAH8ALAAAAAAXABAAAAe/gH+Cfy6FhoeDiYqEUFWOj1RQLouLLlNKS5lGRD5UPJOUgyw/OTo4NjJFQFRMSqChKCopIRsZDktGVLpUr4snHSYjIA4LuEFAO7yhfx4VNbolBlNQTElCyqEYETS6HALT1UfYlBQNM043FgFUU1FRTOOLEAkwLQwFA+zuUPGDEhoTHqw4gACACCkIpfDrNQgBAgIvYlxQQKJHQoT9En1oQgXJkCe7dE3JOMhFyJO7GCZyEeURpF1RVJY8RBNRokAAOw==','image/gif'),(50,'audio/x-ogg','R0lGODlhFwAQAMZWAFl/tV+EuGSJu2mKu2yLt2mNvmqNvm2Pv3GTw3OUwneUv3SVw3iYxHiYxXuaxnyaxX+cw4CeyX+fyoGgy4yiwYWjzIymy42myZKmw4unz4uoz4ypz5GqzpCq0paqxp+pt5KrzpCs0ZWsy5St0Jity5Wu0Jau0ZuuyJ+wyJix1Z+32KK31LW6wK3A2r6+vrHB2cjT5NTd6dbd6Nff69nh7Nnh7dvi7Nvj7dzj7d7l7d/l7ubm5ufn5+Xp8Onp6eXq8urq6uzs7O3t7ezv9O/v7/Dw8PHx8fLy8vDz9vPz8/T09PX19fb29vb3+fb4+ff4+fj4+Pn5+fr6+vv7+/z8/P///+rXgOrXgOrXgOrXgOrXgOrXgOrXgOrXgOrXgOrXgOrXgOrXgOrXgOrXgOrXgOrXgOrXgOrXgOrXgOrXgOrXgOrXgOrXgOrXgOrXgOrXgOrXgOrXgOrXgOrXgOrXgOrXgOrXgOrXgOrXgOrXgOrXgOrXgOrXgOrXgOrXgOrXgCH5BAEKAH8ALAAAAAAXABAAAAe/gH+Cfy6FhoeDiYqEUFWOj1RQLouLLlNKS5lGRD5UPJOUgyw/OTo4NjJFQFRMSqChKCopIRsZDktGVLpUr4snHSYjIA4LuEFAO7yhfx4VNbolBlNQTElCyqEYETS6HALT1UfYlBQNM043FgFUU1FRTOOLEAkwLQwFA+zuUPGDEhoTHqw4gACACCkIpfDrNQgBAgIvYlxQQKJHQoT9En1oQgXJkCe7dE3JOMhFyJO7GCZyEeURpF1RVJY8RBNRokAAOw==','image/gif'),(51,'video/x-flv','R0lGODlhFwAQAMZaACwsLDMzMzs7O0RERE9PT1RUVFhYWFBcTFRfY15eXl9fX2BgYGNjY2VlZWZmZmpqamxsbHBtX2Z0bnR0dG92dnl1aHJ3bnd3d3h4eHp6emqDeWeIemKPUnmIXmuJf4SEhEqbVIGGiV2SkVeYlE+iZ2SncXCpYZqilGyuvGuu0mm2i3uvx6inn6KprlnBpFvEh6SrsHfAZWG+x6auoaiuo2W922W934e3t7GxfYLFYHPJe3i+5HvPZLK+lLu7u76+vtjY2NnZ2ePj4+Xl5ebm5ufn5+jo6Onp6erq6uzs7O3t7e/v7/Dw8PHx8fLy8vPz8/T09PX19fb29vf39/j4+Pn5+fr6+vv7+/z8/P///+rXgOrXgOrXgOrXgOrXgOrXgOrXgOrXgOrXgOrXgOrXgOrXgOrXgOrXgOrXgOrXgOrXgOrXgOrXgOrXgOrXgOrXgOrXgOrXgOrXgOrXgOrXgOrXgOrXgOrXgOrXgOrXgOrXgOrXgOrXgOrXgOrXgOrXgCH5BAEKAH8ALAAAAAAXABAAAAfFgH+Cfz+FhoeDiYqEVFmOj1hUP4uLP1dQUZlNS0dYRZOUgz5YU1WaTEhYUlCglB8TITAtLBMfUU1YuVitihkVIikrOBUZt0lIRLuhGBQkLjY3FBhXVFJPSsqUFxImPDoqEhfU1k7Ziw0EGh4bHQQNWFdXVVLmihARIzU7PREQ8FVVqNRLxAABiBcyUCBgcMWKQ4G8Ei04wCFHjBIHFjjcOHCQggIWaMw4UUCBLngdB/04yVJXxEQ/qjyCpKvKS5WHciJKFAgAOw==','image/gif'),(52,'video/mp4','R0lGODlhFwAQAMZaACwsLDMzMzs7O0RERE9PT1RUVFhYWFBcTFRfY15eXl9fX2BgYGNjY2VlZWZmZmpqamxsbHBtX2Z0bnR0dG92dnl1aHJ3bnd3d3h4eHp6emqDeWeIemKPUnmIXmuJf4SEhEqbVIGGiV2SkVeYlE+iZ2SncXCpYZqilGyuvGuu0mm2i3uvx6inn6KprlnBpFvEh6SrsHfAZWG+x6auoaiuo2W922W934e3t7GxfYLFYHPJe3i+5HvPZLK+lLu7u76+vtjY2NnZ2ePj4+Xl5ebm5ufn5+jo6Onp6erq6uzs7O3t7e/v7/Dw8PHx8fLy8vPz8/T09PX19fb29vf39/j4+Pn5+fr6+vv7+/z8/P///+rXgOrXgOrXgOrXgOrXgOrXgOrXgOrXgOrXgOrXgOrXgOrXgOrXgOrXgOrXgOrXgOrXgOrXgOrXgOrXgOrXgOrXgOrXgOrXgOrXgOrXgOrXgOrXgOrXgOrXgOrXgOrXgOrXgOrXgOrXgOrXgOrXgOrXgCH5BAEKAH8ALAAAAAAXABAAAAfFgH+Cfz+FhoeDiYqEVFmOj1hUP4uLP1dQUZlNS0dYRZOUgz5YU1WaTEhYUlCglB8TITAtLBMfUU1YuVitihkVIikrOBUZt0lIRLuhGBQkLjY3FBhXVFJPSsqUFxImPDoqEhfU1k7Ziw0EGh4bHQQNWFdXVVLmihARIzU7PREQ8FVVqNRLxAABiBcyUCBgcMWKQ4G8Ei04wCFHjBIHFjjcOHCQggIWaMw4UUCBLngdB/04yVJXxEQ/qjyCpKvKS5WHciJKFAgAOw==','image/gif'),(53,'video/mpeg','R0lGODlhFwAQAMZaACwsLDMzMzs7O0RERE9PT1RUVFhYWFBcTFRfY15eXl9fX2BgYGNjY2VlZWZmZmpqamxsbHBtX2Z0bnR0dG92dnl1aHJ3bnd3d3h4eHp6emqDeWeIemKPUnmIXmuJf4SEhEqbVIGGiV2SkVeYlE+iZ2SncXCpYZqilGyuvGuu0mm2i3uvx6inn6KprlnBpFvEh6SrsHfAZWG+x6auoaiuo2W922W934e3t7GxfYLFYHPJe3i+5HvPZLK+lLu7u76+vtjY2NnZ2ePj4+Xl5ebm5ufn5+jo6Onp6erq6uzs7O3t7e/v7/Dw8PHx8fLy8vPz8/T09PX19fb29vf39/j4+Pn5+fr6+vv7+/z8/P///+rXgOrXgOrXgOrXgOrXgOrXgOrXgOrXgOrXgOrXgOrXgOrXgOrXgOrXgOrXgOrXgOrXgOrXgOrXgOrXgOrXgOrXgOrXgOrXgOrXgOrXgOrXgOrXgOrXgOrXgOrXgOrXgOrXgOrXgOrXgOrXgOrXgOrXgCH5BAEKAH8ALAAAAAAXABAAAAfFgH+Cfz+FhoeDiYqEVFmOj1hUP4uLP1dQUZlNS0dYRZOUgz5YU1WaTEhYUlCglB8TITAtLBMfUU1YuVitihkVIikrOBUZt0lIRLuhGBQkLjY3FBhXVFJPSsqUFxImPDoqEhfU1k7Ziw0EGh4bHQQNWFdXVVLmihARIzU7PREQ8FVVqNRLxAABiBcyUCBgcMWKQ4G8Ei04wCFHjBIHFjjcOHCQggIWaMw4UUCBLngdB/04yVJXxEQ/qjyCpKvKS5WHciJKFAgAOw==','image/gif'),(54,'video/x-msvideo','R0lGODlhFwAQAMZaACwsLDMzMzs7O0RERE9PT1RUVFhYWFBcTFRfY15eXl9fX2BgYGNjY2VlZWZmZmpqamxsbHBtX2Z0bnR0dG92dnl1aHJ3bnd3d3h4eHp6emqDeWeIemKPUnmIXmuJf4SEhEqbVIGGiV2SkVeYlE+iZ2SncXCpYZqilGyuvGuu0mm2i3uvx6inn6KprlnBpFvEh6SrsHfAZWG+x6auoaiuo2W922W934e3t7GxfYLFYHPJe3i+5HvPZLK+lLu7u76+vtjY2NnZ2ePj4+Xl5ebm5ufn5+jo6Onp6erq6uzs7O3t7e/v7/Dw8PHx8fLy8vPz8/T09PX19fb29vf39/j4+Pn5+fr6+vv7+/z8/P///+rXgOrXgOrXgOrXgOrXgOrXgOrXgOrXgOrXgOrXgOrXgOrXgOrXgOrXgOrXgOrXgOrXgOrXgOrXgOrXgOrXgOrXgOrXgOrXgOrXgOrXgOrXgOrXgOrXgOrXgOrXgOrXgOrXgOrXgOrXgOrXgOrXgOrXgCH5BAEKAH8ALAAAAAAXABAAAAfFgH+Cfz+FhoeDiYqEVFmOj1hUP4uLP1dQUZlNS0dYRZOUgz5YU1WaTEhYUlCglB8TITAtLBMfUU1YuVitihkVIikrOBUZt0lIRLuhGBQkLjY3FBhXVFJPSsqUFxImPDoqEhfU1k7Ziw0EGh4bHQQNWFdXVVLmihARIzU7PREQ8FVVqNRLxAABiBcyUCBgcMWKQ4G8Ei04wCFHjBIHFjjcOHCQggIWaMw4UUCBLngdB/04yVJXxEQ/qjyCpKvKS5WHciJKFAgAOw==','image/gif'),(55,'video/x-ms-wmv','R0lGODlhFwAQAMZaACwsLDMzMzs7O0RERE9PT1RUVFhYWFBcTFRfY15eXl9fX2BgYGNjY2VlZWZmZmpqamxsbHBtX2Z0bnR0dG92dnl1aHJ3bnd3d3h4eHp6emqDeWeIemKPUnmIXmuJf4SEhEqbVIGGiV2SkVeYlE+iZ2SncXCpYZqilGyuvGuu0mm2i3uvx6inn6KprlnBpFvEh6SrsHfAZWG+x6auoaiuo2W922W934e3t7GxfYLFYHPJe3i+5HvPZLK+lLu7u76+vtjY2NnZ2ePj4+Xl5ebm5ufn5+jo6Onp6erq6uzs7O3t7e/v7/Dw8PHx8fLy8vPz8/T09PX19fb29vf39/j4+Pn5+fr6+vv7+/z8/P///+rXgOrXgOrXgOrXgOrXgOrXgOrXgOrXgOrXgOrXgOrXgOrXgOrXgOrXgOrXgOrXgOrXgOrXgOrXgOrXgOrXgOrXgOrXgOrXgOrXgOrXgOrXgOrXgOrXgOrXgOrXgOrXgOrXgOrXgOrXgOrXgOrXgOrXgCH5BAEKAH8ALAAAAAAXABAAAAfFgH+Cfz+FhoeDiYqEVFmOj1hUP4uLP1dQUZlNS0dYRZOUgz5YU1WaTEhYUlCglB8TITAtLBMfUU1YuVitihkVIikrOBUZt0lIRLuhGBQkLjY3FBhXVFJPSsqUFxImPDoqEhfU1k7Ziw0EGh4bHQQNWFdXVVLmihARIzU7PREQ8FVVqNRLxAABiBcyUCBgcMWKQ4G8Ei04wCFHjBIHFjjcOHCQggIWaMw4UUCBLngdB/04yVJXxEQ/qjyCpKvKS5WHciJKFAgAOw==','image/gif'),(56,'application/x-shockwave-flash','R0lGODlhFwAQAMZIAOItM/E1O/E5P/I6P+Y+QvI7QPE8QfI8QPI8QfJARfNARPNBRfRHSvVJTPFKT/RKTfZXWvdXWfdcW/dgYfhlYvltafpybfV0d/t1cPZ4evt4cvt4c/t8dvx+ePWAhPiBg/WChPWDhvyEfPeIifiNj76+vvm9vfnAwvfHyPnLzfrV1vrW1/vY2frd3ubm5ufn5/rk5enp6erq6uvr6+zs7Pvo6e3t7fvr6+/v7/Dw8Pvu7/Hx8fLy8vPz8/T09PX19fb29vf39/j4+Pn5+fr6+vv7+/z7+/z8/P///////////////////////////////////////////////////////////////////////////////////////////////////////////////////////////////////////////////////////////////////////////////////////////////////////////////////////////////yH5BAEKAH8ALAMAAAAQABAAAAeqgH9/JYSFhoKIg0JFR42OQiWJg0U+P5Y7ODFHL5GIJUdBQygjIDkyR0A+nYNHQyYTIg08M45HnZ8tERgQFz87NDIutoIlRh8cGTdFQj88ODbDgywSDyc6R8tAPTzRJSQbHQcejURDQEDdDxoIAuPYQ0NC0QQWCSkrMEVFRERC8iUMFhigEKKRPn4IbSkoUMFBDUf6IjIqMSAAABW1Mja6NURjrSG3DIk0FAgAOw==','image/gif'),(57,'application/octet-stream','R0lGODlhFwAQAMZrANldWqxqc+deWliBrtFlZehhXehiXlqEtFmFtOhkYVuGs+hoZmeJs1+LuGGMuOtraa2AX2OOuutua6yCYulvbaqCa+1vbutxbmuQud54cbuEc+12de52dW2VvnSVuJeNpe54d2yefnCfa+Z7duN8du17eXaYvYSVs3SigfB+fJWXr++DgvCEhH2odpWctYmiwOyLieuNjYGweomnxYOwfoWwfoWzfZSqxPSTlI6uzYy3ho+vzpKwz8OmpJOwz/ScnZi/kLG4sKbAmaa/2L69vaXIn76+vqjJoua1svC8ue/CwbrUtO/NzMrY2tTc5dzi6Obm5ufn5+np6fDo5+rq6uzs7O3t7fHs7O/u7+/v7/Dw8PLw8PHx8fbw7/bx8PLy8vPz8/Tz8/T09PX19fb29vj4+Pj4+fn5+fr6+vv7+/z8/P///////////////////////////////////////////////////////////////////////////////////yH5BAEKAH8ALAAAAAAXABAAAAfLgH+Cf0aFhoeDiYqEZWuOj2plRouLRmliY5lcWVJqUZOUg0RdTElKU1taVGpkYqChPTEUDwswSGFcarpqr4saLBYbEhwkV1xVVFC8lC02ED8pIAkGI15lZGBWy4syQBMrOCUFAhlY12Bf24o6S0IVBBcAASceaWlnZOqJNUdFKC4fVJjocODemTL6EomgEcLHkBwRHCBAQxFhL0VBmszgsaOBAgYUKSZMZMSMkxcYBtx4sivNyEFGdsmceZHkmUeQdp2pCfOQT0SJAgEAOw==','image/gif');

/*Table structure for table `okm_mime_type_extension` */

DROP TABLE IF EXISTS `okm_mime_type_extension`;

CREATE TABLE `okm_mime_type_extension` (
  `MTE_ID` int(11) NOT NULL,
  `MTE_NAME` varchar(255) COLLATE utf8_bin DEFAULT NULL,
  KEY `FK198BAD77C645F9B7` (`MTE_ID`),
  CONSTRAINT `FK198BAD77C645F9B7` FOREIGN KEY (`MTE_ID`) REFERENCES `okm_mime_type` (`MT_ID`)
) ENGINE=InnoDB DEFAULT CHARSET=utf8 COLLATE=utf8_bin;

/*Data for the table `okm_mime_type_extension` */

insert  into `okm_mime_type_extension`(`MTE_ID`,`MTE_NAME`) values (1,'ott'),(1,'odt'),(2,'odp'),(2,'otp'),(3,'ots'),(3,'ods'),(4,'odg'),(5,'odb'),(6,'doc'),(6,'dot'),(7,'xls'),(8,'pps'),(8,'ppt'),(9,'mpp'),(10,'mdb'),(11,'vsd'),(12,'pub'),(13,'docx'),(14,'dotx'),(15,'potx'),(16,'ppsx'),(17,'pptx'),(18,'xlsx'),(19,'xltx'),(20,'gif'),(21,'jpg'),(22,'png'),(23,'tif'),(23,'tiff'),(24,'bmp'),(25,'ico'),(26,'psd'),(27,'fh9'),(27,'fh8'),(27,'fh10'),(27,'fh11'),(27,'fh'),(28,'ai'),(29,'zip'),(30,'rar'),(31,'tar'),(32,'gz'),(33,'tgz'),(34,'properties'),(34,'txt'),(35,'html'),(35,'htm'),(36,'css'),(37,'csv'),(38,'xml'),(39,'sql'),(40,'java'),(41,'pdf'),(42,'rtf'),(43,'sh'),(44,'pl'),(45,'rvl'),(46,'zargo'),(47,'planner'),(48,'php'),(49,'mp3'),(50,'ogg'),(51,'flv'),(52,'mp4'),(53,'mpeg'),(53,'mpg'),(54,'avi'),(55,'wmv'),(56,'swf'),(57,'*');

/*Table structure for table `okm_profile` */

DROP TABLE IF EXISTS `okm_profile`;

CREATE TABLE `okm_profile` (
  `PRF_ID` int(11) NOT NULL AUTO_INCREMENT,
  `PRF_NAME` varchar(255) COLLATE utf8_bin NOT NULL,
  `PRF_ACTIVE` bit(1) NOT NULL,
  `PRF_MSC_ADVANCED_FILTERS` bit(1) DEFAULT b'0',
  `PRF_MSC_USER_QUOTA` bigint(20) DEFAULT '0',
  `PRF_MSC_WEB_SKIN` varchar(255) COLLATE utf8_bin DEFAULT 'default',
  `PRF_CHT_CHAT_EN` bit(1) DEFAULT b'0',
  `PRF_CHT_AUTO_LOGIN_EN` bit(1) DEFAULT b'0',
  `PRF_WZRD_PROPERTY_GROUPS` varchar(255) COLLATE utf8_bin DEFAULT '',
  `PRF_WZRD_WORKFLOWS` varchar(255) COLLATE utf8_bin DEFAULT '',
  `PRF_WZRD_KEYWORDS_EN` bit(1) DEFAULT b'0',
  `PRF_WZRD_CATEGORIES_EN` bit(1) DEFAULT b'0',
  `PRF_STCK_TAXONOMY_VIS` bit(1) DEFAULT b'1',
  `PRF_STCK_CATEGORIES_VIS` bit(1) DEFAULT b'1',
  `PRF_STCK_THESAURUS_VIS` bit(1) DEFAULT b'1',
  `PRF_STCK_TEMPLATES_VIS` bit(1) DEFAULT b'1',
  `PRF_STCK_PERSONAL_VIS` bit(1) DEFAULT b'1',
  `PRF_STCK_MAIL_VIS` bit(1) DEFAULT b'1',
  `PRF_STCK_TRASH_VIS` bit(1) DEFAULT b'1',
  `PRF_TB_DESKTOP_VIS` bit(1) DEFAULT b'1',
  `PRF_TB_SEARCH_VIS` bit(1) DEFAULT b'1',
  `PRF_TB_DASHBOARD_VIS` bit(1) DEFAULT b'1',
  `PRF_TB_ADMIN_VIS` bit(1) DEFAULT b'1',
  `PRF_TB_DOC_PROPS_VIS` bit(1) DEFAULT b'1',
  `PRF_TB_DOC_SECURITY_VIS` bit(1) DEFAULT b'1',
  `PRF_TB_DOC_NOTES_VIS` bit(1) DEFAULT b'1',
  `PRF_TB_DOC_VERSIONS_VIS` bit(1) DEFAULT b'1',
  `PRF_TB_DOC_PREVIEW_VIS` bit(1) DEFAULT b'1',
  `PRF_TB_DOC_PROP_GRPS_VIS` bit(1) DEFAULT b'1',
  `PRF_TB_FLD_PROPS_VIS` bit(1) DEFAULT b'1',
  `PRF_TB_FLD_SECURITY_VIS` bit(1) DEFAULT b'1',
  `PRF_TB_ML_PROPS_VIS` bit(1) DEFAULT b'1',
  `PRF_TB_ML_SECURITY_VIS` bit(1) DEFAULT b'1',
  `PRF_DB_USER_VIS` bit(1) DEFAULT b'1',
  `PRF_DB_MAIL_VIS` bit(1) DEFAULT b'1',
  `PRF_DB_NEWS_VIS` bit(1) DEFAULT b'1',
  `PRF_DB_GENERAL_VIS` bit(1) DEFAULT b'1',
  `PRF_DB_WORKFLOW_VIS` bit(1) DEFAULT b'1',
  `PRF_DB_KEYWORDS_VIS` bit(1) DEFAULT b'1',
  `PRF_MN_FILE_VIS` bit(1) DEFAULT b'1',
  `PRF_MN_EDIT_VIS` bit(1) DEFAULT b'1',
  `PRF_MN_TOOLS_VIS` bit(1) DEFAULT b'1',
  `PRF_MN_BOOKMARKS_VIS` bit(1) DEFAULT b'1',
  `PRF_MN_HELP_VIS` bit(1) DEFAULT b'1',
  `PRF_MN_FI_CREATE_FLD_VIS` bit(1) DEFAULT b'1',
  `PRF_MN_FI_FIND_FLD_VIS` bit(1) DEFAULT b'1',
  `PRF_MN_FI_GO_FLD_VIS` bit(1) DEFAULT b'1',
  `PRF_MN_FI_DOWNLOAD_VIS` bit(1) DEFAULT b'1',
  `PRF_MN_FI_DOWNLOAD_PDF_VIS` bit(1) DEFAULT b'1',
  `PRF_MN_FI_ADD_DOC_VIS` bit(1) DEFAULT b'1',
  `PRF_MN_FI_START_WORKFLOW_VIS` bit(1) DEFAULT b'1',
  `PRF_MN_FI_REFRESH_VIS` bit(1) DEFAULT b'1',
  `PRF_MN_FI_SCANNER_VIS` bit(1) DEFAULT b'1',
  `PRF_MN_FI_UPLOADER_VIS` bit(1) DEFAULT b'1',
  `PRF_MN_FI_PURGE_VIS` bit(1) DEFAULT b'1',
  `PRF_MN_FI_PURGE_TRASH_VIS` bit(1) DEFAULT b'1',
  `PRF_MN_FI_RESTORE_VIS` bit(1) DEFAULT b'1',
  `PRF_MN_FI_EXPORT_VIS` bit(1) DEFAULT b'1',
  `PRF_MN_FI_CREATE_FROM_TPL_VIS` bit(1) DEFAULT b'1',
  `PRF_MN_FI_SEND_DOC_LINK_VIS` bit(1) DEFAULT b'1',
  `PRF_MN_FI_SEND_DOC_ATTACH_VIS` bit(1) DEFAULT b'1',
  `PRF_MN_ED_LOCK_VIS` bit(1) DEFAULT b'1',
  `PRF_MN_ED_UNLOCK_VIS` bit(1) DEFAULT b'1',
  `PRF_MN_ED_CIN_VIS` bit(1) DEFAULT b'1',
  `PRF_MN_ED_COUT_VIS` bit(1) DEFAULT b'1',
  `PRF_MN_ED_CANCEL_COUT_VIS` bit(1) DEFAULT b'1',
  `PRF_MN_ED_DELETE_VIS` bit(1) DEFAULT b'1',
  `PRF_MN_ED_RENAME_VIS` bit(1) DEFAULT b'1',
  `PRF_MN_ED_COPY_VIS` bit(1) DEFAULT b'1',
  `PRF_MN_ED_MOVE_VIS` bit(1) DEFAULT b'1',
  `PRF_MN_ED_ADD_PROP_GRP_VIS` bit(1) DEFAULT b'1',
  `PRF_MN_ED_REM_PROP_GRP_VIS` bit(1) DEFAULT b'1',
  `PRF_MN_ED_ADD_SUBS_VIS` bit(1) DEFAULT b'1',
  `PRF_MN_ED_REM_SUBS_VIS` bit(1) DEFAULT b'1',
  `PRF_MN_BM_MNG_BOOKMARKS_VIS` bit(1) DEFAULT b'1',
  `PRF_MN_BM_ADD_BOOKMARK_VIS` bit(1) DEFAULT b'1',
  `PRF_MN_BM_SET_HOME_VIS` bit(1) DEFAULT b'1',
  `PRF_MN_BM_GO_HOME_VIS` bit(1) DEFAULT b'1',
  `PRF_MN_TL_LANGS_VIS` bit(1) DEFAULT b'1',
  `PRF_MN_TL_SKIN_VIS` bit(1) DEFAULT b'1',
  `PRF_MN_TL_DEBUG_VIS` bit(1) DEFAULT b'1',
  `PRF_MN_TL_ADMIN_VIS` bit(1) DEFAULT b'1',
  `PRF_MN_TL_PREFS_VIS` bit(1) DEFAULT b'1',
  `PRF_MN_HLP_DOC_VIS` bit(1) DEFAULT b'1',
  `PRF_MN_HLP_BUG_TRACKING_VIS` bit(1) DEFAULT b'1',
  `PRF_MN_HLP_SUPPORT_VIS` bit(1) DEFAULT b'1',
  `PRF_MN_HLP_FORUM_VIS` bit(1) DEFAULT b'1',
  `PRF_MN_HLP_CHANGELOG_VIS` bit(1) DEFAULT b'1',
  `PRF_MN_HLP_WEB_SITE_VIS` bit(1) DEFAULT b'1',
  `PRF_MNU_HLP_ABOUT_VIS` bit(1) DEFAULT b'1',
  PRIMARY KEY (`PRF_ID`)
) ENGINE=InnoDB AUTO_INCREMENT=2 DEFAULT CHARSET=utf8 COLLATE=utf8_bin;

/*Data for the table `okm_profile` */

insert  into `okm_profile`(`PRF_ID`,`PRF_NAME`,`PRF_ACTIVE`,`PRF_MSC_ADVANCED_FILTERS`,`PRF_MSC_USER_QUOTA`,`PRF_MSC_WEB_SKIN`,`PRF_CHT_CHAT_EN`,`PRF_CHT_AUTO_LOGIN_EN`,`PRF_WZRD_PROPERTY_GROUPS`,`PRF_WZRD_WORKFLOWS`,`PRF_WZRD_KEYWORDS_EN`,`PRF_WZRD_CATEGORIES_EN`,`PRF_STCK_TAXONOMY_VIS`,`PRF_STCK_CATEGORIES_VIS`,`PRF_STCK_THESAURUS_VIS`,`PRF_STCK_TEMPLATES_VIS`,`PRF_STCK_PERSONAL_VIS`,`PRF_STCK_MAIL_VIS`,`PRF_STCK_TRASH_VIS`,`PRF_TB_DESKTOP_VIS`,`PRF_TB_SEARCH_VIS`,`PRF_TB_DASHBOARD_VIS`,`PRF_TB_ADMIN_VIS`,`PRF_TB_DOC_PROPS_VIS`,`PRF_TB_DOC_SECURITY_VIS`,`PRF_TB_DOC_NOTES_VIS`,`PRF_TB_DOC_VERSIONS_VIS`,`PRF_TB_DOC_PREVIEW_VIS`,`PRF_TB_DOC_PROP_GRPS_VIS`,`PRF_TB_FLD_PROPS_VIS`,`PRF_TB_FLD_SECURITY_VIS`,`PRF_TB_ML_PROPS_VIS`,`PRF_TB_ML_SECURITY_VIS`,`PRF_DB_USER_VIS`,`PRF_DB_MAIL_VIS`,`PRF_DB_NEWS_VIS`,`PRF_DB_GENERAL_VIS`,`PRF_DB_WORKFLOW_VIS`,`PRF_DB_KEYWORDS_VIS`,`PRF_MN_FILE_VIS`,`PRF_MN_EDIT_VIS`,`PRF_MN_TOOLS_VIS`,`PRF_MN_BOOKMARKS_VIS`,`PRF_MN_HELP_VIS`,`PRF_MN_FI_CREATE_FLD_VIS`,`PRF_MN_FI_FIND_FLD_VIS`,`PRF_MN_FI_GO_FLD_VIS`,`PRF_MN_FI_DOWNLOAD_VIS`,`PRF_MN_FI_DOWNLOAD_PDF_VIS`,`PRF_MN_FI_ADD_DOC_VIS`,`PRF_MN_FI_START_WORKFLOW_VIS`,`PRF_MN_FI_REFRESH_VIS`,`PRF_MN_FI_SCANNER_VIS`,`PRF_MN_FI_UPLOADER_VIS`,`PRF_MN_FI_PURGE_VIS`,`PRF_MN_FI_PURGE_TRASH_VIS`,`PRF_MN_FI_RESTORE_VIS`,`PRF_MN_FI_EXPORT_VIS`,`PRF_MN_FI_CREATE_FROM_TPL_VIS`,`PRF_MN_FI_SEND_DOC_LINK_VIS`,`PRF_MN_FI_SEND_DOC_ATTACH_VIS`,`PRF_MN_ED_LOCK_VIS`,`PRF_MN_ED_UNLOCK_VIS`,`PRF_MN_ED_CIN_VIS`,`PRF_MN_ED_COUT_VIS`,`PRF_MN_ED_CANCEL_COUT_VIS`,`PRF_MN_ED_DELETE_VIS`,`PRF_MN_ED_RENAME_VIS`,`PRF_MN_ED_COPY_VIS`,`PRF_MN_ED_MOVE_VIS`,`PRF_MN_ED_ADD_PROP_GRP_VIS`,`PRF_MN_ED_REM_PROP_GRP_VIS`,`PRF_MN_ED_ADD_SUBS_VIS`,`PRF_MN_ED_REM_SUBS_VIS`,`PRF_MN_BM_MNG_BOOKMARKS_VIS`,`PRF_MN_BM_ADD_BOOKMARK_VIS`,`PRF_MN_BM_SET_HOME_VIS`,`PRF_MN_BM_GO_HOME_VIS`,`PRF_MN_TL_LANGS_VIS`,`PRF_MN_TL_SKIN_VIS`,`PRF_MN_TL_DEBUG_VIS`,`PRF_MN_TL_ADMIN_VIS`,`PRF_MN_TL_PREFS_VIS`,`PRF_MN_HLP_DOC_VIS`,`PRF_MN_HLP_BUG_TRACKING_VIS`,`PRF_MN_HLP_SUPPORT_VIS`,`PRF_MN_HLP_FORUM_VIS`,`PRF_MN_HLP_CHANGELOG_VIS`,`PRF_MN_HLP_WEB_SITE_VIS`,`PRF_MNU_HLP_ABOUT_VIS`) values (1,'Default','','\0',0,'default','\0','\0','','','\0','\0','','','','','','','','','','','','','','','','','','','','','','','','','','','','','','','','','','','','','','','','','','','','','','','','','','','','','','','','','','','','','','','','','','','','','','','','','','','','','','');

/*Table structure for table `okm_query_params` */

DROP TABLE IF EXISTS `okm_query_params`;

CREATE TABLE `okm_query_params` (
  `QP_ID` int(11) NOT NULL AUTO_INCREMENT,
  `QP_QUERY_NAME` varchar(255) COLLATE utf8_bin NOT NULL,
  `QP_USER` varchar(127) COLLATE utf8_bin NOT NULL,
  `QP_NAME` varchar(255) COLLATE utf8_bin DEFAULT NULL,
  `QP_CONTENT` varchar(255) COLLATE utf8_bin DEFAULT NULL,
  `QP_MIME_TYPE` varchar(255) COLLATE utf8_bin DEFAULT NULL,
  `QP_AUTHOR` varchar(255) COLLATE utf8_bin DEFAULT NULL,
  `QP_PATH` varchar(255) COLLATE utf8_bin DEFAULT NULL,
  `QP_DASHBOARD` bit(1) DEFAULT NULL,
  `QP_LAST_MODIFIED_FROM` datetime DEFAULT NULL,
  `QP_LAST_MODIFIED_TO` datetime DEFAULT NULL,
  `QP_MAIL_SUBJECT` varchar(255) COLLATE utf8_bin DEFAULT NULL,
  `QP_MAIL_FROM` varchar(255) COLLATE utf8_bin DEFAULT NULL,
  `QP_MAIL_TO` varchar(255) COLLATE utf8_bin DEFAULT NULL,
  PRIMARY KEY (`QP_ID`)
) ENGINE=InnoDB DEFAULT CHARSET=utf8 COLLATE=utf8_bin;

/*Data for the table `okm_query_params` */

/*Table structure for table `okm_query_params_category` */

DROP TABLE IF EXISTS `okm_query_params_category`;

CREATE TABLE `okm_query_params_category` (
  `QPC_ID` int(11) NOT NULL,
  `QPC_NAME` varchar(255) COLLATE utf8_bin DEFAULT NULL,
  KEY `FKE27BE632200C4397` (`QPC_ID`),
  CONSTRAINT `FKE27BE632200C4397` FOREIGN KEY (`QPC_ID`) REFERENCES `okm_query_params` (`QP_ID`)
) ENGINE=InnoDB DEFAULT CHARSET=utf8 COLLATE=utf8_bin;

/*Data for the table `okm_query_params_category` */

/*Table structure for table `okm_query_params_keyword` */

DROP TABLE IF EXISTS `okm_query_params_keyword`;

CREATE TABLE `okm_query_params_keyword` (
  `QPK_ID` int(11) NOT NULL,
  `QPK_NAME` varchar(255) COLLATE utf8_bin DEFAULT NULL,
  KEY `FK4A477A15200FE68F` (`QPK_ID`),
  CONSTRAINT `FK4A477A15200FE68F` FOREIGN KEY (`QPK_ID`) REFERENCES `okm_query_params` (`QP_ID`)
) ENGINE=InnoDB DEFAULT CHARSET=utf8 COLLATE=utf8_bin;

/*Data for the table `okm_query_params_keyword` */

/*Table structure for table `okm_query_params_property` */

DROP TABLE IF EXISTS `okm_query_params_property`;

CREATE TABLE `okm_query_params_property` (
  `QPP_ID` int(11) NOT NULL,
  `QPP_VALUE` varchar(255) COLLATE utf8_bin DEFAULT NULL,
  `QPP_NAME` varchar(255) COLLATE utf8_bin NOT NULL,
  PRIMARY KEY (`QPP_ID`,`QPP_NAME`),
  KEY `FKA447070920122C6A` (`QPP_ID`),
  CONSTRAINT `FKA447070920122C6A` FOREIGN KEY (`QPP_ID`) REFERENCES `okm_query_params` (`QP_ID`)
) ENGINE=InnoDB DEFAULT CHARSET=utf8 COLLATE=utf8_bin;

/*Data for the table `okm_query_params_property` */

/*Table structure for table `okm_report` */

DROP TABLE IF EXISTS `okm_report`;

CREATE TABLE `okm_report` (
  `RP_ID` int(11) NOT NULL AUTO_INCREMENT,
  `RP_NAME` varchar(255) COLLATE utf8_bin NOT NULL,
  `RP_TYPE` varchar(255) COLLATE utf8_bin NOT NULL,
  `RP_FILE_CONTENT` text COLLATE utf8_bin NOT NULL,
  `RP_FILE_NAME` varchar(255) COLLATE utf8_bin NOT NULL,
  `RP_ACTIVE` bit(1) NOT NULL,
  PRIMARY KEY (`RP_ID`)
) ENGINE=InnoDB DEFAULT CHARSET=utf8 COLLATE=utf8_bin;

/*Data for the table `okm_report` */

/*Table structure for table `okm_role` */

DROP TABLE IF EXISTS `okm_role`;

CREATE TABLE `okm_role` (
  `ROL_ID` varchar(127) COLLATE utf8_bin NOT NULL,
  `ROL_ACTIVE` bit(1) NOT NULL,
  PRIMARY KEY (`ROL_ID`)
) ENGINE=InnoDB DEFAULT CHARSET=utf8 COLLATE=utf8_bin;

/*Data for the table `okm_role` */

insert  into `okm_role`(`ROL_ID`,`ROL_ACTIVE`) values ('AdminRole',''),('READER',''),('UserRole',''),('WRITER','');

/*Table structure for table `okm_staple` */

DROP TABLE IF EXISTS `okm_staple`;

CREATE TABLE `okm_staple` (
  `ST_ID` int(11) NOT NULL AUTO_INCREMENT,
  `ST_UUID` varchar(255) COLLATE utf8_bin NOT NULL,
  `ST_TYPE` varchar(255) COLLATE utf8_bin NOT NULL,
  `ST_GROUPID` int(11) DEFAULT NULL,
  PRIMARY KEY (`ST_ID`),
  KEY `FK45419DD7E6CC0B56` (`ST_GROUPID`),
  CONSTRAINT `FK45419DD7E6CC0B56` FOREIGN KEY (`ST_GROUPID`) REFERENCES `okm_staple_group` (`SG_ID`)
) ENGINE=InnoDB DEFAULT CHARSET=utf8 COLLATE=utf8_bin;

/*Data for the table `okm_staple` */

/*Table structure for table `okm_staple_group` */

DROP TABLE IF EXISTS `okm_staple_group`;

CREATE TABLE `okm_staple_group` (
  `SG_ID` int(11) NOT NULL AUTO_INCREMENT,
  `SG_USER` varchar(127) COLLATE utf8_bin NOT NULL,
  PRIMARY KEY (`SG_ID`)
) ENGINE=InnoDB DEFAULT CHARSET=utf8 COLLATE=utf8_bin;

/*Data for the table `okm_staple_group` */

/*Table structure for table `okm_twitter_account` */

DROP TABLE IF EXISTS `okm_twitter_account`;

CREATE TABLE `okm_twitter_account` (
  `TA_ID` int(11) NOT NULL AUTO_INCREMENT,
  `TA_USER` varchar(127) COLLATE utf8_bin NOT NULL,
  `TA_TUSER` varchar(255) COLLATE utf8_bin NOT NULL,
  `TA_ACTIVE` bit(1) NOT NULL,
  PRIMARY KEY (`TA_ID`)
) ENGINE=InnoDB DEFAULT CHARSET=utf8 COLLATE=utf8_bin;

/*Data for the table `okm_twitter_account` */

/*Table structure for table `okm_user` */

DROP TABLE IF EXISTS `okm_user`;

CREATE TABLE `okm_user` (
  `USR_ID` varchar(127) COLLATE utf8_bin NOT NULL,
  `USR_NAME` varchar(255) COLLATE utf8_bin NOT NULL,
  `USR_PASSWORD` varchar(255) COLLATE utf8_bin NOT NULL,
  `USR_EMAIL` varchar(255) COLLATE utf8_bin NOT NULL,
  `USR_ACTIVE` bit(1) NOT NULL,
  PRIMARY KEY (`USR_ID`)
) ENGINE=InnoDB DEFAULT CHARSET=utf8 COLLATE=utf8_bin;

/*Data for the table `okm_user` */

insert  into `okm_user`(`USR_ID`,`USR_NAME`,`USR_PASSWORD`,`USR_EMAIL`,`USR_ACTIVE`) values ('okmAdmin','Administrator','21232f297a57a5a743894a0e4a801fc3','admin@noreply.com','');

/*Table structure for table `okm_user_config` */

DROP TABLE IF EXISTS `okm_user_config`;

CREATE TABLE `okm_user_config` (
  `UC_USER` varchar(127) COLLATE utf8_bin NOT NULL,
  `UC_HOME_PATH` varchar(255) COLLATE utf8_bin NOT NULL,
  `UC_HOME_UUID` varchar(255) COLLATE utf8_bin NOT NULL,
  `UC_HOME_TYPE` varchar(255) COLLATE utf8_bin NOT NULL,
  `UC_PROFILE` int(11) DEFAULT NULL,
  PRIMARY KEY (`UC_USER`),
  KEY `FK7798F4E88FDAFE34` (`UC_PROFILE`),
  CONSTRAINT `FK7798F4E88FDAFE34` FOREIGN KEY (`UC_PROFILE`) REFERENCES `okm_profile` (`PRF_ID`)
) ENGINE=InnoDB DEFAULT CHARSET=utf8 COLLATE=utf8_bin;

/*Data for the table `okm_user_config` */

insert  into `okm_user_config`(`UC_USER`,`UC_HOME_PATH`,`UC_HOME_UUID`,`UC_HOME_TYPE`,`UC_PROFILE`) values ('okmAdmin','/okm:root','b72f146d-7598-40df-a6e8-8338077707a4','okm:folder',1);

/*Table structure for table `okm_user_document` */

DROP TABLE IF EXISTS `okm_user_document`;

CREATE TABLE `okm_user_document` (
  `UD_ID` int(11) NOT NULL AUTO_INCREMENT,
  `UD_USER` varchar(255) COLLATE utf8_bin NOT NULL,
  `UD_DOCUMENT` varchar(255) COLLATE utf8_bin NOT NULL,
  PRIMARY KEY (`UD_ID`)
) ENGINE=InnoDB DEFAULT CHARSET=utf8 COLLATE=utf8_bin;

/*Data for the table `okm_user_document` */

/*Table structure for table `okm_user_document_keyword` */

DROP TABLE IF EXISTS `okm_user_document_keyword`;

CREATE TABLE `okm_user_document_keyword` (
  `UDK_ID` int(11) NOT NULL,
  `UDK_NAME` varchar(255) COLLATE utf8_bin DEFAULT NULL,
  KEY `FK7A93ECCB47DCC8C7` (`UDK_ID`),
  CONSTRAINT `FK7A93ECCB47DCC8C7` FOREIGN KEY (`UDK_ID`) REFERENCES `okm_user_document` (`UD_ID`)
) ENGINE=InnoDB DEFAULT CHARSET=utf8 COLLATE=utf8_bin;

/*Data for the table `okm_user_document_keyword` */

/*Table structure for table `okm_user_items` */

DROP TABLE IF EXISTS `okm_user_items`;

CREATE TABLE `okm_user_items` (
  `UI_USER` varchar(255) COLLATE utf8_bin NOT NULL,
  `UI_FOLDERS` int(11) DEFAULT NULL,
  `UI_DOCUMENTS` int(11) DEFAULT NULL,
  `UI_MAILS` int(11) DEFAULT NULL,
  `UI_SIZE` bigint(20) DEFAULT NULL,
  PRIMARY KEY (`UI_USER`)
) ENGINE=InnoDB DEFAULT CHARSET=utf8 COLLATE=utf8_bin;

/*Data for the table `okm_user_items` */

/*Table structure for table `okm_user_role` */

DROP TABLE IF EXISTS `okm_user_role`;

CREATE TABLE `okm_user_role` (
  `UR_USER` varchar(127) COLLATE utf8_bin NOT NULL,
  `UR_ROLE` varchar(127) COLLATE utf8_bin NOT NULL,
  PRIMARY KEY (`UR_USER`,`UR_ROLE`),
  KEY `FK79C279CF1C15945` (`UR_USER`),
  KEY `FK79C279CF1BE829B` (`UR_ROLE`),
  CONSTRAINT `FK79C279CF1BE829B` FOREIGN KEY (`UR_ROLE`) REFERENCES `okm_role` (`ROL_ID`),
  CONSTRAINT `FK79C279CF1C15945` FOREIGN KEY (`UR_USER`) REFERENCES `okm_user` (`USR_ID`)
) ENGINE=InnoDB DEFAULT CHARSET=utf8 COLLATE=utf8_bin;

/*Data for the table `okm_user_role` */

insert  into `okm_user_role`(`UR_USER`,`UR_ROLE`) values ('okmAdmin','AdminRole');

/*!40101 SET SQL_MODE=@OLD_SQL_MODE */;
/*!40014 SET FOREIGN_KEY_CHECKS=@OLD_FOREIGN_KEY_CHECKS */;
/*!40014 SET UNIQUE_CHECKS=@OLD_UNIQUE_CHECKS */;
/*!40111 SET SQL_NOTES=@OLD_SQL_NOTES */;
